x,Ground truth density
-2.619326591491699,0.004951617719697846
-2.6137522457836866,0.005395873127366809
-2.608177900075674,0.005875420799985944
-2.6026035543676613,0.006392619405913267
-2.5970292086596483,0.006949944666934708
-2.5914548629516356,0.007549991637441635
-2.585880517243623,0.008195476700033275
-2.5803061715356104,0.008889239243137186
-2.5747318258275977,0.009634242985060297
-2.569157480119585,0.010433576907828009
-2.563583134411572,0.01129045576326222
-2.5580087887035594,0.012208220113007465
-2.552434442995547,0.013190335863660632
-2.546860097287534,0.014240393257806377
-2.5412857515795215,0.015362105281636841
-2.535711405871509,0.016559305449950285
-2.530137060163496,0.01783594492970363
-2.524562714455483,0.019196088963954114
-2.5189883687474706,0.02064391255898589
-2.513414023039458,0.022183695398687427
-2.5078396773314453,0.02381981595185205
-2.5022653316234327,0.025556744740018324
-2.4966909859154196,0.027399036735768798
-2.491116640207407,0.029351322864072445
-2.4855422944993943,0.03141830058229752
-2.4799679487913817,0.03360472351793539
-2.474393603083369,0.03591539014687989
-2.4688192573753565,0.03835513149928307
-2.463244911667344,0.0409287978845671
-2.4576705659593308,0.04364124463210019
-2.452096220251318,0.04649731684933268
-2.4465218745433055,0.04950183320483117
-2.440947528835293,0.05265956874960816
-2.4353731831272802,0.055975236796429316
-2.4297988374192676,0.059453469883337405
-2.4242244917112545,0.0630987998544503
-2.418650146003242,0.06691563709812849
-2.4130758002952293,0.0709082489898395
-2.4075014545872166,0.07508073759440882
-2.401927108879204,0.0794370166898318
-2.3963527631711914,0.083980788182342
-2.3907784174631783,0.08871551798996793
-2.3852040717551657,0.09364441147928672
-2.379629726047153,0.09877038854746759
-2.3740553803391404,0.10409605844889148
-2.368481034631128,0.10962369447262864
-2.362906688923115,0.11535520858373678
-2.357332343215102,0.12129212614768468
-2.3517579975070895,0.12743556086311597
-2.346183651799077,0.13378619003361555
-2.340609306091064,0.14034423031400703
-2.3350349603830516,0.147109414071001
-2.329460614675039,0.15408096650160563
-2.3238862689670263,0.16125758365558013
-2.3183119232590133,0.1686374115102917
-2.3127375775510006,0.17621802624756616
-2.307163231842988,0.18399641588247814
-2.3015888861349754,0.19196896339341452
-2.2960145404269627,0.2001314315011937
-2.2904401947189497,0.20847894924243895
-2.284865849010937,0.21700600047878782
-2.2792915033029244,0.22570641447887124
-2.2737171575949118,0.2345733587042364
-2.268142811886899,0.24359933392361313
-2.2625684661788865,0.25277617177203715
-2.256994120470874,0.26209503486243
-2.251419774762861,0.27154641954728176
-2.245845429054848,0.2811201614171245
-2.2402710833468356,0.2908054436105875
-2.234696737638823,0.3005908079979725
-2.2291223919308103,0.3104641692866353
-2.2235480462227977,0.32041283208197824
-2.2179737005147846,0.33042351092268635
-2.212399354806772,0.34048235329302834
-2.2068250090987593,0.35057496559871676
-2.2012506633907467,0.36068644207601686
-2.195676317682734,0.37080139658670225
-2.1901019719747215,0.3809039972341098
-2.184527626266709,0.3909780037181059
-2.1789532805586957,0.4010068073293511
-2.173378934850683,0.41097347346595947
-2.1678045891426705,0.4208607865386368
-2.162230243434658,0.4306512971137309
-2.1566558977266452,0.4403273711275367
-2.151081552018632,0.4498712409897262
-2.1455072063106195,0.4592650583790776
-2.139932860602607,0.4684909485209011
-2.1343585148945943,0.477531065722743
-2.1287841691865816,0.486367649933322
-2.123209823478569,0.49498308407920255
-2.1176354777705564,0.5033599519246212
-2.1120611320625438,0.5114810961921992
-2.1064867863545307,0.5193296766760988
-2.100912440646518,0.5268892280745742
-2.0953380949385054,0.5341437172659009
-2.089763749230493,0.5410775997503553
-2.0841894035224797,0.5476758749813581
-2.078615057814467,0.5539241403110343
-2.0730407121064545,0.5598086432793644
-2.067466366398442,0.5653163319817267
-2.061892020690429,0.570434903257027
-2.0563176749824166,0.5751528484476595
-2.050743329274404,0.5794594964932694
-2.0451689835663913,0.5833450541325842
-2.0395946378583782,0.5868006430014114
-2.0340202921503656,0.5898183334301542
-2.028445946442353,0.5923911747608009
-2.0228716007343404,0.5945132220211686
-2.0172972550263277,0.5961795588131342
-2.0117229093183147,0.5973863162915195
-2.006148563610302,0.5981306881310869
-2.0005742179022894,0.5984109414006069
-1.9949998721942768,0.5982264232850202
-1.9894255264862641,0.5975775636192007
-1.9838511807782515,0.5964658732195541
-1.9782768350702387,0.5948939380225156
-1.972702489362226,0.592865409061776
-1.9671281436542132,0.5903849883386069
-1.9615537979462006,0.5874584106618238
-1.955979452238188,0.5840924215555483
-1.9504051065301753,0.5802947513538884
-1.9448307608221624,0.576074085621775
-1.9392564151141498,0.5714400320603524
-1.933682069406137,0.5664030840733942
-1.9281077236981243,0.5609745811880793
-1.9225333779901117,0.5551666665389993
-1.916959032282099,0.5489922416384061
-1.9113846865740864,0.5424649186683218
-1.9058103408660736,0.5355989705411865
-1.9002359951580607,0.5284092789851318
-1.8946616494500481,0.5209112809176843
-1.8890873037420355,0.5131209133777141
-1.8835129580340229,0.5050545572897088
-1.8779386123260102,0.49672898033696505
-1.8723642666179974,0.488161279221069
-1.8667899209099847,0.47936882158409844
-1.861215575201972,0.4703691878673334
-1.8556412294939593,0.46118011337600867
-1.8500668837859466,0.4518194308137611
-1.844492538077934,0.44230501354306695
-1.8389181923699212,0.43265471981914
-1.8333438466619085,0.42288633823460575
-1.8277695009538957,0.41301753460084417
-1.822195155245883,0.4030658004793479
-1.8166208095378704,0.3930484035628228
-1.8110464638298578,0.3829823400912641
-1.805472118121845,0.3728842894729099
-1.7998977724138323,0.3627705712639972
-1.7943234267058195,0.3526571046447002
-1.7887490809978068,0.3425593705116969
-1.7831747352897942,0.3324923762905408
-1.7776003895817816,0.3224706235536308
-1.772026043873769,0.3125080785121089
-1.766451698165756,0.3026181454326526
-1.7608773524577432,0.2928136430129654
-1.7553030067497306,0.28310678373290116
-1.749728661041718,0.273509156181725
-1.7441543153337054,0.26403171034609024
-1.7385799696256927,0.25468474582798833
-1.7330056239176799,0.2454779029473194
-1.7274312782096672,0.23642015666987895
-1.7218569325016544,0.22751981328854717
-1.7162825867936418,0.21878450977337432
-1.7107082410856291,0.21022121569508198
-1.7051338953776165,0.20183623761635672
-1.6995595496696037,0.19363522583616624
-1.693985203961591,0.185623183364246
-1.6884108582535782,0.17780447699587643
-1.6828365125455655,0.1701828503511308
-1.677262166837553,0.16276143873787124
-1.6716878211295403,0.15554278569396046
-1.6661134754215274,0.148528861061356
-1.6605391297135148,0.1417210804429886
-1.654964784005502,0.1351203258925264
-1.6493904382974893,0.12872696768729322
-1.6438160925894767,0.12254088703564835
-1.638241746881464,0.11656149957205887
-1.6326674011734514,0.11078777949579524
-1.6270930554654386,0.10521828421263815
-1.6215187097574257,0.09985117934312746
-1.615944364049413,0.09468426396564357
-1.6103700183414005,0.08971499596794184
-1.6047956726333878,0.08494051738658293
-1.599221326925375,0.08035767961995507
-1.5936469812173624,0.07596306840721002
-1.5880726355093497,0.07175302847235682
-1.5824982898013369,0.06772368773992984
-1.5769239440933243,0.06387098103598726
-1.5713495983853116,0.06019067319566133
-1.5657752526772988,0.05667838150601202
-1.5602009069692861,0.05332959742046442
-1.5546265612612735,0.05013970748860067
-1.5490522155532607,0.04710401345247686
-1.543477869845248,0.0442177514678923
-1.5379035241372354,0.04147611041611967
-1.5323291784292228,0.038874249278473244
-1.52675483272121,0.03640731355270567
-1.5211804870131973,0.034070450696563226
-1.5156061413051847,0.03185882458986125
-1.5100317955971718,0.029767629012150038
-1.5044574498891592,0.027792100138402335
-1.4988831041811466,0.025927528060156805
-1.4933087584731337,0.024169267344188856
-1.487734412765121,0.02251274664503567
-1.4821600670571085,0.020953477391580135
-1.4765857213490956,0.019487061571396964
-1.471011375641083,0.018109198639678758
-1.4654370299330703,0.016815691582304067
-1.4598626842250575,0.015602452164986205
-1.4542883385170449,0.0144655054024592
-1.4487139928090322,0.01340099328332964
-1.4431396471010194,0.012405177787564855
-1.4375653013930068,0.011474443234608658
-1.4319909556849941,0.010605298000836871
-1.4264166099769813,0.009794375645502028
-1.4208422642689686,0.00903843548448596
-1.415267918560956,0.008334362651100996
-1.4096935728529432,0.007679167682876008
-1.4041192271449305,0.007069985672747436
-1.398544881436918,0.0065040750223711715
-1.3929705357289053,0.005978815834397656
-1.3873961900208924,0.005491707979526144
-1.3818218443128798,0.005040368872997477
-1.3762474986048672,0.0046225309939128935
-1.3706731528968543,0.004236039179399515
-1.3650988071888417,0.0038788477241961743
-1.359524461480829,0.003549017314723429
-1.3539501157728162,0.003244711825144679
-1.3483757700648036,0.002964195001334072
-1.342801424356791,0.002705827057056072
-1.337227078648778,0.0024680612050438904
-1.3316527329407655,0.002249440144049126
-1.3260783872327528,0.0020485925213354393
-1.32050404152474,0.0018642293885131457
-1.3149296958167274,0.0016951406670677285
-1.3093553501087147,0.0015401916384312562
-1.3037810044007019,0.0013983194719881344
-1.2982066586926893,0.0012685298030004006
-1.2926323129846766,0.0011498933710883223
-1.2870579672766638,0.0010415427286130207
-1.2814836215686511,0.000942669027081902
-1.2759092758606385,0.0008525188885376157
-1.2703349301526257,0.0007703913677985162
-1.264760584444613,0.0006956350103939554
-1.2591862387366004,0.0006276450100817093
-1.2536118930285878,0.0005658604689474354
-1.248037547320575,0.0005097617622660582
-1.2424632016125623,0.00045886800955197675
-1.2368888559045497,0.00041273465253685197
-1.2313145101965368,0.000370951140189179
-1.2257401644885242,0.00033313872032632053
-1.2201658187805116,0.00029894833686513355
-1.2145914730724987,0.0002680586313091101
-1.209017127364486,0.00024017404667525433
-1.2034427816564734,0.00021502303172010411
-1.1978684359484606,0.00019235634302832463
-1.192294090240448,0.0001719454422761874
-1.1867197445324353,0.00015358098577307968
-1.1811453988244225,0.00013707140321395073
-1.1755710531164099,0.00012224156244126705
-1.1699967074083972,0.00010893151691380374
-1.1644223617003844,9.699533250855074e-05
-1.1588480159923717,8.629999023836346e-05
-1.1532736702843591,7.672436144912972e-05
-1.1476993245763463,6.815825206356927e-05
-1.1421249788683336,6.0501512461862566e-05
-1.136550633160321,5.3663209629833075e-05
-1.1309762874523082,4.756085826118005e-05
-1.1254019417442955,4.211970756918933e-05
-1.119827596036283,3.7272080643540855e-05
-1.1142532503282703,3.295676327747962e-05
-1.1086789046202574,2.911843928803965e-05
-1.1031045589122448,2.570716945571719e-05
-1.0975302132042322,2.2677911318541924e-05
-1.0919558674962193,1.9990077167649613e-05
-1.0863815217882067,1.760712770603952e-05
-1.080807176080194,1.5496198948182288e-05
-1.0752328303721812,1.3627760054603456e-05
-1.0696584846641686,1.197529991167168e-05
-1.064084138956156,1.0515040381863657e-05
-1.058509793248143,9.225674263125927e-06
-1.0529354475401305,8.088126107064594e-06
-1.0473611018321178,7.085334154116937e-06
-1.041786756124105,6.202051749206833e-06
-1.0362124104160924,5.4246667033429975e-06
-1.0306380647080797,4.7410371649387706e-06
-1.0250637190000669,4.1403426591196475e-06
-1.0194893732920542,3.612949043795053e-06
-1.0139150275840416,3.150286217714266e-06
-1.0083406818760288,2.7447374980452888e-06
-1.0027663361680161,2.389539663194225e-06
-0.9971919904600035,2.0786927306363278e-06
-0.9916176447519907,1.8068786095026129e-06
-0.986043299043978,1.569387833622687e-06
-0.9804689533359654,1.3620536427553129e-06
-0.9748946076279528,1.1811927379470758e-06
-0.9693202619199399,1.0235520914645203e-06
-0.9637459162119273,8.862612426776759e-07
-0.9581715705039147,7.667895587710198e-07
-0.9525972247959018,6.629079833674337e-07
-0.9470228790878892,5.726548372212267e-07
-0.9414485333798766,4.943052732205089e-07
-0.9358741876718637,4.2634402319105614e-07
-0.9302998419638511,3.6744110656626604e-07
-0.9247254962558384,3.1643020103321536e-07
-0.9191511505478256,2.7228940293290394e-07
-0.913576804839813,2.3412413062929885e-07
-0.9080024591318003,2.0115194740951914e-07
-0.9024281134237875,1.726891018738819e-07
-0.8968537677157749,1.481386033522064e-07
-0.8912794220077622,1.2697966776906624e-07
-0.8857050762997494,1.087583856971656e-07
-0.8801307305917367,9.307947920047478e-08
-0.8745563848837241,7.959902758706356e-08
-0.8689820391757113,6.801805446971761e-08
-0.8634076934676986,5.807687966832986e-08
-0.857833347759686,4.95501495739903e-08
-0.8522590020516732,4.224246871705705e-08
-0.8466846563436605,3.598456352112826e-08
-0.8411103106356479,3.062991665721595e-08
-0.8355359649276353,2.6051817107796197e-08
-0.8299616192196224,2.2140777073977348e-08
-0.8243872735116098,1.8802272271323237e-08
-0.8188129278035972,1.595476701680956e-08
-0.8132385820955843,1.3527989862716143e-08
-0.8076642363875717,1.1461429430628914e-08
-0.802089890679559,9.70302358415877e-09
-0.7965155449715462,8.208018193014234e-09
-0.7909411992635336,6.9379745211258595e-09
-0.7853668535555209,5.859906752280824e-09
-0.7797925078475081,4.945533380445733e-09
-0.7742181621394955,4.1706281689467865e-09
-0.7686438164314828,3.5144581518323106e-09
-0.76306947072347,2.959297740180119e-09
-0.7574951250154573,2.4900094339949754e-09
-0.7519207793074447,2.0936829559547565e-09
-0.7463464335994319,1.759325848393228e-09
-0.7407720878914192,1.4775997456963603e-09
-0.7351977421834066,1.2405976937109424e-09
-0.7296233964753938,1.0416590889238707e-09
-0.7240490507673811,8.752201207456496e-10
-0.7184747050593685,7.366991084223164e-10
-0.7129003593513557,6.22417946576906e-10
-0.707326013643343,5.295631658982659e-10
-0.7017516679353304,4.561930869788337e-10
-0.6961773222273175,4.0130147650566094e-10
-0.6906029765193049,3.649533830748678e-10
-0.6850286308112923,3.4851594057999253e-10
-0.6794542851032797,3.5501655680376197e-10
-0.6738799393952668,3.896739550853976e-10
-0.6683055936872542,4.6066520490872844e-10
-0.6627312479792415,5.802157461404753e-10
-0.6571569022712287,7.66131566060102e-10
-0.6515825565632161,1.0439358608041651e-09
-0.6460082108552034,1.4498302686612484e-09
-0.6404338651471906,2.0347777314490276e-09
-0.634859519439178,2.8701062045809065e-09
-0.6292851737311653,4.055167488940558e-09
-0.6237108280231525,5.727763239457805e-09
-0.6181364823151401,8.078283240988588e-09
-0.612562136607127,1.1368805187411596e-08
-0.6069877908991144,1.595880041872028e-08
-0.6014134451911017,2.2339601360766435e-08
-0.5958390994830891,3.1180444895130715e-08
-0.5902647537750765,4.338975008294192e-08
-0.5846904080670638,6.019636596705298e-08
-0.5791160623590508,8.32568935226376e-08
-0.5735417166510381,1.1479691559994482e-07
-0.5679673709430255,1.5779614482915784e-07
-0.5623930252350129,2.1623022369047308e-07
-0.5568186795270003,2.9538530432107256e-07
-0.5512443338189876,4.022657409787463e-07
-0.5456699881109746,5.461204126288636e-07
-0.5400956424029619,7.391195509217174e-07
-0.5345212966949493,9.972217029800498e-07
-0.5289469509869367,1.3412798628233823e-06
-0.523372605278924,1.7984471456869554e-06
-0.5177982595709114,2.403955973646518e-06
-0.5122239138628983,3.203360937169203e-06
-0.5066495681548857,4.255354671361602e-06
-0.5010752224468731,5.635288635884954e-06
-0.49550087673886045,7.439557025936544e-06
-0.4899265310308478,9.791032583134666e-06
-0.4843521853228352,1.2845778221472656e-05
-0.4787778396148221,1.6801298503689632e-05
-0.4732034939068095,2.190664040828185e-05
-0.46762914819879686,2.8474703738839208e-05
-0.46205480249078423,3.6897178041444566e-05
-0.4564804567827716,4.766258493958816e-05
-0.450906111074759,6.137797207806631e-05
-0.44533176536674635,7.879487682275025e-05
-0.4397574196587333,0.00010084025359303591
-0.43418307395072064,0.00012865313691110607
-0.428608728242708,0.0001636278911752458
-0.4230343825346954,0.00020746497551092362
-0.41746003682668276,0.0002622302249378623
-0.4118856911186701,0.00033042371397952084
-0.40631134541065705,0.0004150593215071268
-0.4007369997026444,0.0005197561511084092
-0.3951626539946318,0.0006488429739344744
-0.38958830828661917,0.0008074768444420371
-0.38401396257860654,0.0010017769867140826
-0.3784396168705939,0.0012389749525780925
-0.37286527116258084,0.0015275819046380013
-0.3672909254545682,0.0018775736695108881
-0.3617165797465556,0.002300593931022621
-0.35614223403854295,0.0028101755822933045
-0.3505678883305303,0.0034219798227670887
-0.3449935426225177,0.004154052065787679
-0.3394191969145046,0.0050270931105147664
-0.333844851206492,0.006064743327319907
-0.32827050549847936,0.007293876809644545
-0.32269615979046673,0.008744901562408076
-0.3171218140824541,0.010452060836170013
-0.31154746837444147,0.012453729690594995
-0.30597312266642884,0.014792699798499979
-0.30039877695841577,0.017516444406277705
-0.29482443125040314,0.020677354276617457
-0.2892500855423905,0.024332934389443707
-0.2836757398343779,0.028545950206292504
-0.27810139412636525,0.0333845114561325
-0.2725270484183526,0.03892208072499785
-0.26695270271033955,0.04523739367875405
-0.2613783570023269,0.052414277570378705
-0.2558040112943143,0.06054135483270475
-0.25022966558630166,0.06971161908487912
-0.24465531987828903,0.08002187183186976
-0.2390809741702764,0.09157200955044033
-0.23350662846226333,0.1044641527622294
-0.2279322827542507,0.11880161111324265
-0.22235793704623807,0.1346876814133932
-0.21678359133822545,0.15222427902728244
-0.21120924563021282,0.17151040691760075
-0.2056348999222002,0.19264047097454393
-0.20006055421418711,0.21570245494705123
-0.19448620850617448,0.24077597323185207
-0.18891186279816186,0.26793022486124124
-0.18333751709014923,0.2972218771279194
-0.1777631713821366,0.3286929122466064
-0.17218882567412397,0.36236847511515696
-0.16661447996611134,0.3982547644316269
-0.16104013425809827,0.4363370129730336
-0.15546578855008564,0.4765776055732614
-0.149891442842073,0.5189143850869344
-0.14431709713406038,0.5632591972430279
-0.13874275142604775,0.6094967246489988
-0.13316840571803512,0.6574836582035236
-0.12759406001002205,0.7070482507492812
-0.12201971430200942,0.7579902929220537
-0.11644536859399679,0.810081544849188
-0.11087102288598416,0.8630666496865798
-0.10529667717797153,0.9166645460761261
-0.0997223314699589,0.9705703866199805
-0.09414798576194583,1.024457958616076
-0.0885736400539332,1.0779825918351418
-0.08299929434592057,1.1307845263331135
-0.07742494863790794,1.1824927015024638
-0.07185060292989531,1.232728916109218
-0.06627625722188268,1.2811122982840284
-0.06070191151386961,1.3272640146776908
-0.05512756580585698,1.3708121395798754
-0.04955322009784435,1.4113965980331855
-0.043978874389831724,1.4486740921118655
-0.038404528681819095,1.4823229167852918
-0.032830182973806465,1.512047571300789
-0.027255837265793836,1.5375830738827472
-0.021681491557780763,1.558698891768475
-0.016107145849768134,1.5752024051251354
-0.010532800141755505,1.586941832082741
-0.004958454433742876,1.5938085527712051
0.0006158912742697531,1.5957387825963472
0.006190236982282382,1.5927145587051648
0.011764582690295455,1.5847640183036895
0.017338928398308084,1.5719609627964812
0.022913274106320713,1.554423717190381
0.028487619814333343,1.5323133094160122
0.03406196552234597,1.5058310087469253
0.0396363112303586,1.4752152759398212
0.045210656938371674,1.4407381897180107
0.0507850026463843,1.402701424460693
0.05635934835439693,1.361431862187562
0.06193369406240956,1.3172769279529275
0.06750803977042219,1.270599741467767
0.07308238547843482,1.2217741791081125
0.07865673118644789,1.1711799394727183
0.08423107689446052,1.1191977024215594
0.08980542260247315,1.0662044662232755
0.09537976831048578,1.0125691402857775
0.10095411401849841,0.9586484622081205
0.10652845972651104,0.9047832978795693
0.11210280543452367,0.851295372393748
0.11767715114253674,0.7984844679856208
0.12325149685054937,0.7466261133811556
0.128825842558562,0.69596977720768
0.13440018826657463,0.6467375667603588
0.13997453397458726,0.5991234227391526
0.14554887968259989,0.5532927908067704
0.15112322539061296,0.5093827421729781
0.1566975710986256,0.4675025080392163
0.16227191680663822,0.42773438674553516
0.16784626251465085,0.3901349779067999
0.17342060822266347,0.3547366947165763
0.1789949539306761,0.3215495039018395
0.18456929963868918,0.29056284245663466
0.1901436453467018,0.2617476611619813
0.19571799105471444,0.23505854687918237
0.20129233676272706,0.21043587853076073
0.2068666824707397,0.1878079753899165
0.21244102817875232,0.16709320061188845
0.2180153738867654,0.14820198768403287
0.22358971959477802,0.13103876247638832
0.22916406530279065,0.11550373868142828
0.23473841101080328,0.10149456949541517
0.2403127567188159,0.08890784328597152
0.24588710242682854,0.07764041560273567
0.25146144813484117,0.06759057413218436
0.25703579384285424,0.05865903700707864
0.2626101395508669,0.050749788209349445
0.2681844852588795,0.043770756626038486
0.27375883096689213,0.037634347622704775
0.27933317667490476,0.03225783779489688
0.2849075223829174,0.02756364486713531
0.29048186809093046,0.023479485562615917
0.2960562137989431,0.019938434706551322
0.3016305595069557,0.01687889889881436
0.30720490521496835,0.014244517848290318
0.312779250922981,0.011984005954606922
0.3183535966309936,0.010050946005059888
0.3239279423390067,0.008403545976027414
0.3295022880470193,0.007004368936304367
0.33507663375503194,0.005820044987750447
0.34065097946304457,0.00482097308477971
0.3462253251710572,0.003981019481569036
0.3517996708790698,0.0032772184920708478
0.3573740165870829,0.002689480235189014
0.36294836229509553,0.002200309092852101
0.36852270800310816,0.0017945357443865254
0.3740970537111208,0.0014590648643746295
0.3796713994191334,0.0011826398870350204
0.38524574512714604,0.0009556256487617883
0.3908200908351587,0.0007698092197528008
0.39639443654317175,0.000618218821438925
0.4019687822511844,0.0004949603928574385
0.407543127959197,0.00039507110921059596
0.41311747366720963,0.00031438896191888745
0.41869181937522226,0.000249437373479944
0.4242661650832349,0.00019732373431457663
0.42984051079124797,0.00015565070467811956
0.4354148564992606,0.00012243911521377546
0.4409892022072732,9.606131795845041e-05
0.44656354791528585,7.51838793668361e-05
0.4521378936232985,5.871856268699533e-05
0.4577122393313111,4.5780614015842855e-05
0.4632865850393242,3.565344051498367e-05
0.4688609307473368,2.775884718993689e-05
0.47443527645534944,2.1632077579424654e-05
0.48000962216336207,1.6900981496745116e-05
0.4855839678713747,1.326870795890204e-05
0.49115831357938733,1.0499392427808713e-05
0.4967326592874004,8.406373651775147e-06
0.502307004995413,6.842536235228823e-06
0.5078813507034257,5.692430341681076e-06
0.5134556964114383,4.8658696177596815e-06
0.5190300421194509,4.2927526420015795e-06
0.5246043878274635,3.918892195554208e-06
0.5301787335354762,3.702670749094559e-06
0.5357530792434892,3.6123701393633277e-06
0.5413274249515019,3.6240488760176393e-06
0.5469017706595145,3.719862290413493e-06
0.5524761163675271,3.886739222377519e-06
0.5580504620755398,4.115344532804898e-06
0.5636248077835524,4.3992697991968485e-06
0.5691991534915655,4.7344054397867995e-06
0.5747734991995781,5.1184565303983866e-06
0.5803478449075907,5.5505720053148115e-06
0.5859221906156034,6.031063016187268e-06
0.591496536323616,6.5611911778859774e-06
0.5970708820316286,7.143011445114961e-06
0.6026452277396417,7.77925760018993e-06
0.6082195734476543,8.473260928414495e-06
0.613793919155667,9.228894729535821e-06
0.6193682648636796,1.0050538959638155e-05
0.6249426105716922,1.0943060599065703e-05
0.6305169562797048,1.1911806366002443e-05
0.6360913019877179,1.2962605197629821e-05
0.6416656476957305,1.4101778546618651e-05
0.6472399934037432,1.5336157026852245e-05
0.6528143391117558,1.6673102318373657e-05
0.6583886848197684,1.812053353140375e-05
0.663963030527781,1.9686957451846973e-05
0.6695373762357937,2.1381502261046475e-05
0.6751117219438068,2.321395445253482e-05
0.6806860676518194,2.519479876746205e-05
0.686260413359832,2.733526104554161e-05
0.6918347590678446,2.9647353945369923e-05
0.6974091047758573,3.2143925531214284e-05
0.7029834504838699,3.4838710756164706e-05
0.708557796191883,3.7746385896469924e-05
0.7141321418998956,4.088262601086902e-05
0.7197064876079082,4.4264165513260116e-05
0.7252808333159209,4.790886195820748e-05
0.7308551790239335,5.183576314742286e-05
0.7364295247319461,5.6065177672055175e-05
0.7420038704399592,6.061874901084466e-05
0.7475782161479718,6.551953330826145e-05
0.7531525618559844,7.079208095990559e-05
0.7587269075639971,7.64625221348221e-05
0.7643012532720097,8.255865636614633e-05
0.7698755989800223,8.911004634266486e-05
0.7754499446880354,9.614811603453947e-05
0.781024290396048,0.00010370625328659211
0.7865986361040607,0.00011181991701223338
0.7921729818120733,0.00012052674912026923
0.7977473275200859,0.00012986669130551822
0.8033216732280986,0.00013988210683230984
0.8088960189361112,0.0001506179074375486
0.8144703646441243,0.00016212168547706935
0.8200447103521369,0.00017444385143544278
0.8256190560601495,0.00018763777691522981
0.8311934017681621,0.00020175994321679596
0.8367677474761748,0.0002168700956142988
0.8423420931841874,0.00023303140342717792
0.8479164388922005,0.00025031062597944613
0.8534907846002131,0.00026877828453127035
0.8590651303082257,0.0002885088402586961
0.8646394760162384,0.0003095808783478182
0.870213821724251,0.00033207729825934123
0.8757881674322636,0.0003560855102081178
0.8813625131402767,0.00038169763788995794
0.8869368588482893,0.0004090107274747207
0.892511204556302,0.00043812696287043437
0.8980855502643146,0.0004691538872477626
0.9036598959723272,0.0005022046307977961
0.9092342416803398,0.0005373981446785804
0.9148085873883529,0.0005748594410871678
0.9203829330963655,0.0006147198393741759
0.9259572788043782,0.0006571172180969787
0.9315316245123908,0.0007021962728854218
0.9371059702204034,0.0007501087799708041
0.9426803159284161,0.0008010138652043012
0.9482546616364287,0.0008550782783653941
0.9538290073444418,0.0009124766725339751
0.9594033530524544,0.000973391888271776
0.964977698760467,0.0010380152423296052
0.9705520444684796,0.001106546820566341
0.9761263901764923,0.0011791957747343115
0.9817007358845049,0.001256180622752875
0.987275081592518,0.0013377295520583903
0.9928494273005306,0.0014240807255839116
0.9984237730085432,0.0015154825898862593
1.0039981187165559,0.0016121941849011744
1.0095724644245685,0.0017144854547698283
1.0151468101325811,0.001822637559141263
1.0207211558405942,0.001936943184316198
1.0262955015486068,0.002057706853557521
1.0318698472566195,0.0021852452358524124
1.037444192964632,0.002319887452369598
1.0430185386726447,0.0024619753798140196
1.0485928843806573,0.0026118639498391443
1.0541672300886704,0.002769921443635141
1.059741575796683,0.00293652978076894
1.0653159215046957,0.00311208480131027
1.0708902672127083,0.003296996540235544
1.076464612920721,0.0034916894930601544
1.0820389586287336,0.0036966028716085442
1.0876133043367466,0.0039121908487908755
1.0931876500447593,0.004138922791215519
1.098761995752772,0.004377283478428145
1.1043363414607845,0.004627773307530186
1.1099106871687971,0.00489090848189381
1.1154850328768098,0.005167221182655729
1.1210593785848224,0.005457259721639273
1.1266337242928355,0.00576158867432344
1.132208070000848,0.006080788991448603
1.1377824157088607,0.006415458087822884
1.1433567614168734,0.006766209906868372
1.148931107124886,0.007133674959426591
1.1545054528328986,0.0075185003353239075
1.1600797985409117,0.007921349686183488
1.1656541442489243,0.008342903177958648
1.171228489956937,0.008783857411656153
1.1768028356649496,0.009244925310713043
1.1823771813729622,0.009726835973492626
1.1879515270809748,0.010230334489369651
1.193525872788988,0.010756181716884554
1.1991002184970005,0.011305154022460918
1.2046745642050132,0.011878042978200774
1.2102489099130258,0.012475655017295447
1.2158232556210384,0.013098811045621496
1.221397601329051,0.013748346008125967
1.2269719470370641,0.014425108408647256
1.2325462927450768,0.015129959781864587
1.2381206384530894,0.0158637741161241
1.243694984161102,0.01662743722594695
1.2492693298691147,0.01742184607309301
1.2548436755771273,0.018247908035124983
1.26041802128514,0.01910654012049682
1.265992366993153,0.019998668129276035
1.2715667127011656,0.020925225758701066
1.2771410584091782,0.02188715365287479
1.2827154041171909,0.0228853983959984
1.2882897498252035,0.023920911448663908
1.2938640955332161,0.02499464802684094
1.2994384412412292,0.026107565923318334
1.3050127869492418,0.027260624271492326
1.3105871326572545,0.028454782251532085
1.316161478365267,0.029690997739093925
1.3217358240732797,0.030970225896908246
1.3273101697812923,0.032293417709716485
1.3328845154893054,0.03366151846319689
1.338458861197318,0.03507546616768277
1.3440332069053307,0.03653618992764998
1.3496075526133433,0.03804460825812173
1.355181898321356,0.0396016273493222
1.3607562440293686,0.04120813928109131
1.3663305897373816,0.04286502018876034
1.3719049354453943,0.044573128382376925
1.377479281153407,0.04633330242136208
1.383053626861419,0.04814635914687178
1.3886279725694326,0.05001309167433599
1.3942023182774452,0.05193426734883673
1.3997766639854579,0.053910625666195144
1.4053510096934705,0.05594287616281806
1.4109253554014831,0.0580316962775623
1.4164997011094957,0.06017772918906169
1.4220740468175084,0.06238158163215464
1.427648392525521,0.0646438216972374
1.4332227382335336,0.06696497661655254
1.4387970839415463,0.06934553054160211
1.444371429649559,0.07178592231604866
1.4499457753575715,0.07428654324863657
1.455520121065585,0.07684773489082797
1.4610944667735977,0.07946978682399931
1.4666688124816103,0.08215293446119912
1.472243158189623,0.0848973568685909
1.4778175038976356,0.08770317461184673
1.4833918496056482,0.09057044763286559
1.4889661953136608,0.09349917316230015
1.4945405410216734,0.09648928367346812
1.500114886729686,0.09954064488330787
1.5056892324376987,0.10265305380610426
1.5112635781457113,0.10582623686576756
1.516837923853724,0.10905984807248616
1.5224122695617366,0.1123534672696012
1.52798661526975,0.11570659845655905
1.5335609609777627,0.11911866819378905
1.5391353066857754,0.12258902409534041
1.544709652393788,0.1261169334150543
1.5502839981018006,0.12970158173200783
1.5558583438098132,0.13334207174087928
1.5614326895178259,0.13703742215279555
1.5670070352258385,0.14078656671210932
1.5725813809338511,0.14458835333442402
1.5781557266418638,0.14844154337103596
1.5837300723498764,0.15234481100479452
1.589304418057889,0.15629674278219818
1.5948787637659025,0.160295837286337
1.6004531094739152,0.16434050495506794
1.6060274551819278,0.16842906804858013
1.6116018008899404,0.17255976077022747
1.617176146597953,0.17673072954425117
1.6227504923059657,0.1809400334537085
1.6283248380139783,0.18518564484161937
1.633899183721991,0.18946545007801507
1.6394735294300036,0.19377725049523237
1.6450478751380162,0.19811876349344104
1.6506222208460288,0.20248762381802263
1.6561965665540415,0.20688138501003528
1.661770912262055,0.21129752103060617
1.6673452579700676,0.21573342805968007
1.6729196036780802,0.22018642646915387
1.6784939493860929,0.22465376296997397
1.6840682950941055,0.22913261293236664
1.6896426408021181,0.2336200828779164
1.6952169865101308,0.23811321314176506
1.7007913322181434,0.2426089807027567
1.706365677926156,0.24710430217889767
1.7119400236341686,0.2515960369850496
1.7175143693421813,0.2560809906493163
1.723088715050194,0.26055591828413405
1.7286630607582065,0.2650175282076246
1.73423740646622,0.26946248571032255
1.7398117521742327,0.27388741696194663
1.7453860978822453,0.27828891305246173
1.750960443590258,0.28266353416123413
1.7565347892982706,0.2870078138476869
1.7621091350062832,0.2913182634564489
1.7676834807142958,0.29559137662960355
1.7732578264223084,0.29982363391826744
1.778832172130321,0.3040115074853692
1.7844065178383337,0.3081514658911572
1.7899808635463463,0.31223997895263894
1.795555209254359,0.31627352266785164
1.8011295549623725,0.32024858419558244
1.806703900670385,0.32416166688088793
1.8122782463783977,0.32800929531654177
1.8178525920864104,0.33178802043030126
1.823426937794423,0.33549442458771955
1.8290012835024356,0.3391251267000546
1.8345756292104483,0.34267678732669665
1.8401499749184609,0.34614611376142645
1.8457243206264735,0.349529865091742
1.8512986663344861,0.35282485722043877
1.8568730120424988,0.3560279678386109
1.8624473577505114,0.35913614133924987
1.868021703458524,0.36214639366065837
1.8735960491665375,0.3650558170489673
1.8791703948745502,0.367861584729142
1.8847447405825628,0.3705609554740051
1.8903190862905754,0.3731512780609471
1.895893431998588,0.3756299956062055
1.9014677777066007,0.3779946497668022
1.9070421234146133,0.38024288480048374
1.912616469122626,0.38237245147428606
1.9181908148306386,0.38438121081265114
1.9237651605386512,0.3862671376763578
1.9293395062466638,0.38802832416388655
1.9349138519546765,0.3896629828272244
1.94048819766269,0.39116944969452344
1.9460625433707026,0.3925461870924587
1.9516368890787152,0.3937917862615873
1.9572112347867279,0.39490496975847866
1.9627855804947405,0.39588459363888523
1.9683599262027531,0.3967296494167301
1.9739342719107658,0.3974392657942155
1.9795086176187784,0.39801271015889766
1.985082963326791,0.39844938984412676
1.9906573090348036,0.3987488531498169
1.9962316547428163,0.39891079012108477
2.001806000450829,0.3989350330828782
2.0073803461588415,0.3988215569293035
2.012954691866855,0.39857047916695304
2.0185290375748677,0.3981820597121286
2.0241033832828803,0.3976567004424491
2.029677728990893,0.3969949445039275
2.0352520746989056,0.3961974753751878
2.040826420406918,0.39526511569107897
2.046400766114931,0.3941988258285218
2.0519751118229435,0.3929997022579895
2.057549457530956,0.3916689756645852
2.0631238032389687,0.3902080088432212
2.0686981489469813,0.38861829437294154
2.074272494654994,0.38690145207594095
2.0798468403630075,0.3850592262673369
2.08542118607102,0.38309348280223066
2.0909955317790327,0.38100620592705126
2.0965698774870454,0.3787994949426232
2.102144223195058,0.37647556068680776
2.1077185689030706,0.3740367218449665
2.1132929146110833,0.3714854010968609
2.118867260319096,0.368824121108947
2.1244416060271085,0.36605550038133744
2.130015951735121,0.3631822489589936
2.135590297443134,0.3602071640169693
2.1411646431511464,0.3571331253297588
2.146738988859159,0.35396309063500464
2.1523133345671726,0.3507000909019895
2.157887680275185,0.34734722551548625
2.163462025983198,0.3439076573856361
2.1690363716912104,0.34038460799462866
2.174610717399223,0.33678135239098606
2.1801850631072357,0.3331012141422902
2.1857594088152483,0.3293475602571736
2.191333754523261,0.3255237960873609
2.1969081002312736,0.3216333602204768
2.202482445939286,0.3176797193742416
2.208056791647299,0.31366636330254843
2.2136311373553115,0.30959679972376686
2.219205483063325,0.3054745492814357
2.2247798287713376,0.30130314054730983
2.2303541744793502,0.2970861050764816
2.235928520187363,0.29282697252406825
2.2415028658953755,0.28852926583265837
2.247077211603388,0.2841964964994263
2.2526515573114008,0.27983215993150307
2.2582259030194134,0.27543973089785534
2.263800248727426,0.27102265908557116
2.2693745944354387,0.26658436476808006
2.2749489401434513,0.26212823459245116
2.280523285851464,0.2576576174925125
2.2860976315594765,0.25317582073412576
2.29167197726749,0.24868610609852795
2.2972463229755027,0.2441916862092246
2.3028206686835153,0.23969572100746864
2.308395014391528,0.23520131438093742
2.3139693600995406,0.23071151094974685
2.319543705807553,0.22622929301350522
2.325118051515566,0.2217575776626492
2.3306923972235785,0.21729921405685082
2.336266742931591,0.21285698087283136
2.3418410886396037,0.2084335839234667
2.3474154343476163,0.20403165394962153
2.352989780055629,0.1996537445857078
2.3585641257636425,0.195302330499526
2.364138471471655,0.19097980570652437
2.3697128171796678,0.1866884820581773
2.3752871628876804,0.18243058790379882
2.380861508595693,0.178208266924682
2.3864358543037056,0.17402357713908545
2.3920102000117183,0.16987849007620637
2.397584545719731,0.16577489011692
2.4031588914277435,0.1617145739987201
2.408733237135756,0.15769925048196226
2.414307582843769,0.15373054017419704
2.4198819285517814,0.1498099755090813
2.425456274259794,0.14593900087607278
2.4310306199678076,0.14211897289684836
2.43660496567582,0.13835116084414353
2.442179311383833,0.13463674719846844
2.4477536570918454,0.1309768283379658
2.453328002799858,0.1273724153564644
2.4589023485078707,0.12382443500461783
2.4644766942158833,0.1203337307488613
2.470051039923896,0.11690106394278203
2.4756253856319086,0.11352711510538004
2.481199731339921,0.11021248530059843
2.486774077047934,0.10695769761241737
2.4923484227559465,0.10376319870974517
2.49792276846396,0.1006293604952909
2.5034971141719726,0.09755648183257822
2.5090714598799853,0.09454479034523684
2.514645805587998,0.0915944442827298
2.5202201512960105,0.08870553444667624
2.525794497004023,0.08587808617197551
2.5313688427120358,0.08311206135698378
2.5369431884200484,0.0804073605370591
2.542517534128061,0.07776382499586802
2.5480918798360737,0.0751812389089357
2.5536662255440863,0.07265933151402483
2.559240571252099,0.07019777930304118
2.5648149169601115,0.06779620823028781
2.570389262668125,0.06545419593202341
2.5759636083761377,0.06317127395242642
2.5815379540841503,0.06094692997120998
2.587112299792163,0.058780610028305084
2.5926866455001756,0.056671720741183214
2.598260991208188,0.05461963151056864
2.603835336916201,0.052623676710467526
2.6094096826242135,0.05068315785862289
2.614984028332226,0.04879734576369105
2.6205583740402387,0.0469654826456262
2.6261327197482514,0.04518678422595088
2.631707065456264,0.04346044178478537
2.6372814111642775,0.04178562418170446
2.64285575687229,0.04016147983768732
2.6484301025803028,0.03858713867561802
2.6540044482883154,0.037061714016998114
2.659578793996328,0.03558430443271835
2.6651531397043406,0.03415399554593494
2.6707274854123533,0.03276986178528358
2.676301831120366,0.03143096808685355
2.6818761768283785,0.03013637154352754
2.687450522536391,0.0288851230004745
2.693024868244404,0.02767626859575887
2.6985992139524164,0.02650885124520271
2.704173559660429,0.025381912070803914
2.7097479053684426,0.02429449177217704
2.715322251076455,0.023245631940640527
2.720896596784468,0.02223437631572312
2.7264709424924805,0.021259771984013274
2.732045288200493,0.02032087052040932
2.7376196339085057,0.019416729071965122
2.7431939796165183,0.018546411384652073
2.748768325324531,0.017708988773479206
2.7543426710325436,0.016903541036527015
2.7599170167405562,0.01612915731355881
2.765491362448569,0.015384936889973848
2.7710657081565815,0.014669989946961299
2.776640053864595,0.013983438258801646
2.7822143995726076,0.013324415838343852
2.7877887452806203,0.012692069531759503
2.793363090988633,0.012085559563746712
2.7989374366966455,0.011504060034414908
2.804511782404658,0.010946759369139697
2.810086128112671,0.01041286072272534
2.8156604738206834,0.009901582339256525
2.821234819528696,0.009412157869058607
2.8268091652367087,0.0089438366442177
2.8323835109447213,0.008495883914138516
2.837957856652734,0.008067581042639365
2.8435322023607466,0.007658225668099901
2.84910654806876,0.0072671318281883526
2.8546808937767727,0.006893630050702407
2.8602552394847853,0.006537067412058588
2.865829585192798,0.006196807564965164
2.8714039309008106,0.00587223073680554
2.876978276608823,0.005562733700250392
2.882552622316836,0.0052677297176030044
2.8881269680248485,0.0049866484603656325
2.893701313732861,0.004718935905494759
2.8992756594408737,0.004464054209790345
2.9048500051488864,0.004221481563838806
2.910424350856899,0.0039907120269013505
2.9159986965649125,0.0037712553441093914
2.921573042272925,0.003562636747296532
2.9271473879809378,0.0033643967407621525
2.9327217336889504,0.0031760908732270153
2.938296079396963,0.0029972894972031612
2.9438704251049757,0.0028275775169628193
2.9494447708129883,0.0026665541262514527
