iter,ULA,dilation,tempering,diffusion,daz_scale1,daz_scale2
0,1.030362844467163,1.030362844467163,1.030362844467163,1.030362844467163,1.030362844467163,1.0763877630233765
100,1.030806541442871,1.0300865173339844,0.5290298461914062,0.5681917071342468,0.1934939622879028,0.30148646235466
200,1.0253918170928955,1.0303391218185425,0.532548725605011,0.5724274516105652,0.1939536780118942,0.304688811302185
300,1.0273292064666748,1.0303434133529663,0.5442115664482117,0.5574836730957031,0.1912606805562973,0.30221027135849
400,1.0286078453063965,1.0302255153656006,0.5446709990501404,0.5709559321403503,0.192462757229805,0.3028031587600708
500,1.0311869382858276,1.0300095081329346,0.5509839653968811,0.5578420758247375,0.1902180463075637,0.3044199645519256
600,1.0331228971481323,1.0299626588821411,0.5522341728210449,0.5700940489768982,0.1919343471527099,0.3021074533462524
700,1.0339349508285522,1.0298490524291992,0.5494624376296997,0.5725757479667664,0.1909568160772323,0.3014638125896454
800,1.0330250263214111,1.0296474695205688,0.5542751550674438,0.5719284415245056,0.1919408589601516,0.3032297194004059
900,1.0354387760162354,1.0297353267669678,0.5576863884925842,0.5689837336540222,0.1937624812126159,0.3030495345592499
1000,1.0358113050460815,1.0298527479171753,0.5607226490974426,0.570760190486908,0.1907222419977188,0.3030541539192199
1100,1.03495192527771,1.0298157930374146,0.5591301321983337,0.5652886629104614,0.1938131004571914,0.3035525977611542
1200,1.0396679639816284,1.029880404472351,0.5626969337463379,0.5616104602813721,0.1926203221082687,0.3038861751556396
1300,1.0386416912078855,1.029627799987793,0.5598387718200684,0.5630046129226685,0.1936336606740951,0.3017257750034332
1400,1.0436185598373413,1.0297764539718628,0.5592870116233826,0.5657982230186462,0.1897228211164474,0.3028817176818847
1500,1.0389755964279177,1.0300496816635132,0.5612396597862244,0.5571916699409485,0.1924162358045578,0.3031538426876068
1600,1.0378321409225464,1.0302565097808838,0.5615703463554382,0.5542738437652588,0.1914526224136352,0.3027302026748657
1700,1.0370177030563354,1.0302804708480835,0.5592827200889587,0.5498456358909607,0.1919513940811157,0.3036949634552002
1800,1.0376901626586914,1.0305709838867188,0.5569127798080444,0.5529547929763794,0.1956450790166854,0.303304374217987
1900,1.0376447439193726,1.0304977893829346,0.557273268699646,0.5467366576194763,0.1923931390047073,0.3017093539237976
2000,1.0363930463790894,1.030890703201294,0.5583325028419495,0.5448408722877502,0.1936097145080566,0.3014365434646606
2100,1.039602279663086,1.030988097190857,0.5616739392280579,0.5413439869880676,0.1925896406173706,0.3027501702308655
2200,1.0393800735473633,1.030993938446045,0.5606977343559265,0.5396348834037781,0.191814973950386,0.3031763732433319
2300,1.0390005111694336,1.030758261680603,0.562002956867218,0.5426123738288879,0.1918439418077469,0.3027351796627044
2400,1.0362650156021118,1.030749797821045,0.565372109413147,0.5456734299659729,0.1921107620000839,0.3027678430080414
2500,1.0352084636688232,1.0306950807571411,0.5652990937232971,0.5449061393737793,0.1928381919860839,0.3017368912696838
2600,1.036022067070007,1.0304096937179563,0.5651623010635376,0.5471329092979431,0.1929425597190857,0.3019250631332397
2700,1.0328277349472046,1.0303257703781128,0.5621320605278015,0.5400998592376709,0.1936474293470382,0.3025781512260437
2800,1.0309669971466064,1.0303475856781006,0.5606796145439148,0.5419662594795227,0.1912563741207122,0.3042583167552948
2900,1.0292333364486694,1.0305973291397097,0.5614158511161804,0.5401559472084045,0.1920148432254791,0.3023565709590912
3000,1.0281294584274292,1.0305774211883545,0.5602152943611145,0.5432535409927368,0.191513329744339,0.3031179010868072
3100,1.0305002927780151,1.0307737588882446,0.5566267967224121,0.5398516058921814,0.1928546875715255,0.3019854426383972
3200,1.0281424522399902,1.0308624505996704,0.5590780377388,0.538341224193573,0.1948665231466293,0.303068071603775
3300,1.0286558866500854,1.0307179689407349,0.5574519634246826,0.5382346510887146,0.1937417834997177,0.3017288148403168
3400,1.0299047231674194,1.0305273532867432,0.5559363961219788,0.543120801448822,0.1911358535289764,0.3028782308101654
3500,1.02499258518219,1.030613660812378,0.5546717047691345,0.5478026270866394,0.1920162290334701,0.3038736283779144
3600,1.0206210613250732,1.030320167541504,0.5542078018188477,0.5550214648246765,0.1920495480298996,0.3032605350017547
3700,1.025142788887024,1.0302207469940186,0.5518118143081665,0.5537890791893005,0.1939894556999206,0.3053716123104095
3800,1.0257431268692017,1.0304261445999146,0.5520497560501099,0.5553581714630127,0.1932561844587326,0.3032462298870086
3900,1.024142503738403,1.0305078029632568,0.5508453845977783,0.5548271536827087,0.1907316893339157,0.3007567524909973
4000,1.0256699323654177,1.0305095911026,0.5534306764602661,0.5481212735176086,0.1933975517749786,0.3048415780067444
4100,1.028562307357788,1.0307461023330688,0.5530781745910645,0.5498208403587341,0.1907650977373123,0.3040811717510223
4200,1.0288623571395874,1.0307291746139526,0.5543252825737,0.5444040298461914,0.1940651983022689,0.3049908578395843
4300,1.0325769186019895,1.030504584312439,0.553565502166748,0.5409319400787354,0.1937617808580398,0.3038961887359619
4400,1.033052682876587,1.0306377410888672,0.5497027635574341,0.5395002365112305,0.1940942704677581,
4500,1.0318018198013306,1.0305923223495483,0.5495882034301758,0.5444563031196594,0.1955077350139618,
4600,1.031071424484253,1.0305103063583374,0.5500759482383728,0.540695309638977,0.1953172087669372,
4700,1.0334652662277222,1.0304454565048218,0.5528926849365234,0.5414624810218811,0.1926390379667282,
4800,1.028767466545105,1.030350923538208,0.556921660900116,0.5399012565612793,0.1924962252378463,
4900,1.026697039604187,1.0305544137954712,0.5562306046485901,0.5386368036270142,0.1929934024810791,
5000,1.0278137922286987,1.030371069908142,0.5573504567146301,0.5400791168212891,0.1940909475088119,
5100,1.025720477104187,1.030434250831604,0.5563225150108337,0.5392821431159973,0.1945355981588363,
5200,1.0233429670333862,1.03066885471344,0.5559946298599243,0.543317437171936,0.1925130188465118,
5300,1.021475911140442,1.0308010578155518,0.5551255941390991,0.5451030731201172,0.1931553483009338,
5400,1.0237995386123655,1.0308817625045776,0.5570545196533203,0.5486525297164917,0.1910676062107086,
5500,1.0233420133590698,1.0305956602096558,0.556546151638031,,0.1918721348047256,
5600,1.0251017808914185,1.0307692289352417,0.556252121925354,,0.1934522688388824,
5700,1.0257208347320557,1.0308374166488647,0.5593523383140564,,0.1932119727134704,
5800,1.0234445333480835,1.030791401863098,0.5596063137054443,,0.1930507719516754,
5900,1.0273799896240234,1.0308917760849,0.5586838126182556,,0.1914175748825073,
6000,1.0292800664901731,1.030934453010559,0.5585653781890869,,0.1896695643663406,
6100,1.0275660753250122,1.0305203199386597,0.562025249004364,,0.1917286366224289,
6200,1.0282176733016968,1.0308059453964231,0.5643453001976013,,0.1930239051580429,
6300,1.0241254568099976,1.030726194381714,0.5660008788108826,,0.1938530057668686,
6400,1.026600003242493,1.0309900045394895,0.5655259490013123,,0.1917173415422439,
6500,1.0293501615524292,1.0308868885040283,0.5648273825645447,,0.1925800740718841,
6600,1.02847158908844,1.0308336019515991,0.5636280179023743,,0.1947738081216812,
6700,1.0280472040176392,1.0308876037597656,0.5623016357421875,,0.1923719495534896,
6800,1.0310181379318235,1.030817627906799,0.5621485114097595,,0.191959872841835,
6900,1.0280579328536987,1.0305554866790771,0.5631864666938782,,0.1914040297269821,
7000,1.0275611877441406,1.030705451965332,0.5625571608543396,,0.1917136013507843,
7100,1.0297445058822632,1.0303890705108645,0.5607609748840332,,0.193280890583992,
7200,1.0304454565048218,1.0304367542266846,0.5594903230667114,,0.1925218850374221,
7300,1.0308523178100586,1.0302255153656006,0.5612171292304993,,0.1919867545366287,
7400,1.029720664024353,1.0302515029907229,0.5618471503257751,,0.1908451467752456,
7500,1.0284048318862915,1.0300827026367188,0.5599889755249023,,0.1924914866685867,
7600,1.025127410888672,1.0299237966537476,0.5602626204490662,,0.1933237761259079,
7700,1.0225660800933838,1.0302584171295166,0.558087170124054,,0.1948263496160507,
7800,1.0195419788360596,1.0303192138671875,0.5611664652824402,,0.1934553235769271,
7900,1.0191984176635742,1.0304349660873413,0.5618433356285095,,0.1938905268907547,
8000,1.0220909118652344,1.030337929725647,0.5619997382164001,,0.1925355941057205,
8100,1.0278328657150269,1.030287504196167,0.5608678460121155,,0.1951941102743148,
8200,1.0258688926696775,1.0300825834274292,0.5632635951042175,,0.1932272464036941,
8300,1.0239437818527222,1.029707431793213,0.5674469470977783,,0.1927585899829864,
8400,1.0230540037155151,1.029884696006775,0.5645052790641785,,0.19252310693264,
8500,1.0229343175888062,1.0296814441680908,0.5631520748138428,,0.1938242018222808,
8600,1.0168663263320925,1.029780387878418,0.5627253651618958,,0.1938118785619735,
8700,1.022196888923645,1.0296739339828491,0.5676845908164978,,0.1931675225496292,
8800,1.023528218269348,1.0298718214035034,0.5669826865196228,,0.1933252066373825,
8900,1.028607726097107,1.0296629667282104,0.5684166550636292,,0.1947274208068847,
9000,1.029046893119812,1.029726505279541,0.5702463984489441,,0.1942111551761627,
9100,1.023194432258606,1.0299538373947144,0.5687147974967957,,0.1927447766065597,
9200,1.0226640701293943,1.029924750328064,0.5660879015922546,,0.1905548423528671,
9300,1.021727204322815,1.030178427696228,0.5697964429855347,,0.1921329796314239,
9400,1.0238879919052124,1.029834270477295,0.5704934000968933,,0.1928409785032272,
9500,1.023409366607666,1.029882311820984,0.5684983134269714,,0.1941062211990356,
9600,1.0217443704605105,1.0300233364105225,0.5623871088027954,,0.1950934380292892,
9700,1.0206702947616575,1.0299043655395508,0.5617768168449402,,0.19459168612957,
9800,1.0216217041015625,1.0297640562057495,0.5619010925292969,,0.194047525525093,
9900,1.0281553268432615,1.0297162532806396,0.5619335770606995,,0.1943962723016739,
10000,1.0265640020370483,1.0300334692001345,0.560085117816925,,0.1944834887981414,
10100,1.0288041830062866,1.0300750732421875,0.5629786252975464,,0.1946625560522079,
10200,1.0308926105499268,1.029831886291504,0.5632343888282776,,0.1943145841360092,
10300,1.0291444063186646,1.0299335718154907,0.5616252422332764,,0.1936758011579513,
10400,1.0284627676010132,1.0297764539718628,0.5606339573860168,,0.1946592777967453,
10500,1.036855697631836,1.030168056488037,0.5625965595245361,,0.1924884617328643,
10600,1.0368212461471558,1.030655860900879,0.5654422640800476,,0.1936870068311691,
10700,1.0363653898239136,1.0306028127670288,0.568297803401947,,0.19461390376091,
10800,1.032673954963684,1.0303467512130735,0.5637248158454895,,0.1945670843124389,
10900,1.0372893810272217,1.030326247215271,0.5657230615615845,,0.1944131553173065,
11000,1.039140701293945,1.030055284500122,0.5647073984146118,,0.1944459080696106,
11100,1.0339254140853882,1.0304521322250366,0.5674009323120117,,0.1926294267177581,
11200,1.0347381830215454,1.030638575553894,0.5677099227905273,,0.1927779167890548,
11300,1.03993022441864,1.0306134223937988,0.5680850148200989,,0.1921865046024322,
11400,1.0439784526824951,1.030909299850464,0.5688905119895935,,0.1935371905565261,
11500,1.0447797775268557,1.0308103561401367,0.5669876337051392,,0.1932174265384674,
11600,1.0429977178573608,1.0306624174118042,0.5668692588806152,,0.1920551359653473,
11700,1.0423617362976074,1.0304725170135498,0.564588725566864,,0.1903760731220245,
11800,1.039470076560974,1.030600905418396,0.562608540058136,,0.1905585080385208,
11900,1.0432690382003784,1.03059184551239,0.5621846914291382,,0.1912935376167297,
12000,1.041632890701294,1.0306950807571411,0.5635235905647278,,0.192322626709938,
12100,1.0435994863510132,1.0306789875030518,0.5629055500030518,,0.19321309030056,
12200,1.0426105260849,1.030694603919983,0.5596505999565125,,0.1934138983488083,
12300,1.0396875143051147,1.0307763814926147,0.5591899752616882,,0.1940142810344696,
12400,1.042298674583435,1.031316161155701,0.5589219927787781,,0.193192645907402,
12500,1.0400220155715942,1.0315654277801514,0.5613102316856384,,0.1925980299711227,
12600,1.0416741371154783,1.031678318977356,0.557770848274231,,0.1915670782327652,
12700,1.0455502271652222,1.031746745109558,0.5580399632453918,,0.1916683763265609,
12800,1.0438858270645142,1.0318448543548584,0.5610112547874451,,0.19293013215065,
12900,1.045635461807251,1.0314960479736328,0.5612959265708923,,0.1935424655675888,
13000,1.0464483499526978,1.0315463542938232,0.5618831515312195,,0.1930773109197616,
13100,1.0451220273971558,1.0315202474594116,0.5611763000488281,,0.1922308057546615,
13200,1.049954891204834,1.0313690900802612,0.5586506128311157,,0.1921533942222595,
13300,1.0490752458572388,1.0311888456344604,0.5574678778648376,,0.1935570389032364,
13400,1.049329400062561,1.0315383672714231,0.559698760509491,,0.1938438266515731,
13500,1.051478624343872,1.0317119359970093,0.5594629645347595,,0.1947263777256012,
13600,1.0535482168197632,1.03185772895813,0.5577771663665771,,0.1953078806400299,
13700,1.0549925565719604,1.0318212509155271,0.5567996501922607,,0.1956402510404586,
13800,1.055766224861145,1.0322097539901731,0.5553495287895203,,0.196010559797287,
13900,1.053978681564331,1.031982183456421,0.5554930567741394,,0.1945336759090423,
14000,1.054452896118164,1.031992793083191,0.5541882514953613,,0.194081574678421,
14100,1.0601307153701782,1.0318387746810913,0.5551943182945251,,0.1929124295711517,
14200,1.0605583190917969,1.0317429304122925,0.5559249520301819,,0.1933177411556244,
14300,1.0597083568572998,1.0317257642745972,0.5571421980857849,,0.1920495480298996,
14400,1.0575230121612549,1.0319585800170898,0.5550191402435303,,0.1916801184415817,
14500,1.054465889930725,1.031790852546692,0.5516302585601807,,0.1927376091480255,
14600,1.056317687034607,1.0314366817474363,0.552973747253418,,0.1899750679731369,
14700,1.0592000484466553,1.0313457250595093,0.5513522028923035,,0.1922267973423004,
14800,1.0643692016601562,1.0311092138290403,0.5486681461334229,,0.1925790309906005,
14900,1.0618339776992798,1.0314232110977173,0.5502786636352539,,0.1932332813739776,
15000,1.058390498161316,1.0317457914352417,0.548628032207489,,0.1944490671157837,
15100,1.0570216178894043,1.0314656496047974,0.5488880276679993,,0.1928021162748336,
15200,1.0602617263793943,1.0317564010620115,0.547675609588623,,0.1936873346567154,
15300,1.0587489604949951,1.0317506790161133,0.5468565225601196,,0.1928998082876205,
15400,1.059658408164978,1.03123676776886,0.5504151582717896,,0.1940263956785202,
15500,1.0648070573806765,1.031305909156799,0.551999568939209,,0.1932846903800964,
15600,1.0645841360092163,1.0310322046279907,0.5526176691055298,,0.1920661032199859,
15700,1.0627422332763672,1.030937433242798,0.5553252696990967,,0.1918092221021652,
15800,1.0625650882720947,1.0310224294662476,0.5563867688179016,,0.1925030797719955,
15900,1.0598410367965698,1.0307012796401978,0.5554512143135071,,0.1918616294860839,
16000,1.061989426612854,1.0308177471160889,0.556681215763092,,0.1909641325473785,
16100,1.0640032291412354,1.0307531356811523,0.5567291975021362,,0.1919823139905929,
16200,1.0639914274215698,1.0312227010726929,0.5570435523986816,,0.1915330588817596,
16300,1.066952347755432,1.0311263799667358,0.5606445670127869,,0.192727193236351,
16400,1.064860701560974,1.031226396560669,0.5577667355537415,,0.1916701793670654,
16500,1.0645657777786257,1.0308078527450562,0.5582500696182251,,0.1935903578996658,
16600,1.064062476158142,1.0306791067123413,0.5563529133796692,,0.1928058266639709,
16700,1.0655657052993774,1.0308181047439575,0.5547378659248352,,0.1926260143518448,
16800,1.0698699951171875,1.0306545495986938,0.558266818523407,,0.192407950758934,
16900,1.0694046020507812,1.0307000875473022,0.5570117831230164,,0.1921156346797943,
17000,1.0693020820617676,1.03077495098114,0.5564221739768982,,0.1939998716115951,
17100,1.070048213005066,1.0308107137680054,0.5583481192588806,,0.1947746127843856,
17200,1.0737825632095337,1.0310755968093872,0.5594028830528259,,0.1939416974782943,
17300,1.0745795965194702,1.0310043096542358,0.5604448318481445,,0.1929623633623123,
17400,1.0716922283172607,1.0311635732650757,0.5590246319770813,,0.1938627809286117,
17500,1.0725313425064087,1.0311168432235718,0.5580649375915527,,,
17600,1.071976900100708,1.0314533710479736,0.5579812526702881,,,
17700,1.0740935802459717,1.031508207321167,0.5563716292381287,,,
17800,1.072479248046875,1.0310437679290771,0.5560267567634583,,,
17900,1.0723387002944946,1.0310968160629272,0.5560093522071838,,,
18000,1.0726884603500366,1.030513048171997,0.5576614737510681,,,
18100,1.0711344480514526,1.0310100317001345,0.5587636232376099,,,
18200,1.0714435577392578,1.0308538675308228,0.5570372939109802,,,
18300,1.0741366147994995,1.0308982133865356,0.5574591755867004,,,
18400,1.0768951177597046,1.0306262969970703,0.5559282302856445,,,
18500,1.0813697576522827,1.0304319858551023,0.5565546154975891,,,
18600,1.079437255859375,1.0309540033340454,0.5544705390930176,,,
18700,1.0742117166519165,1.030809760093689,0.555294930934906,,,
18800,1.0702606439590454,1.030618667602539,0.5547611117362976,,,
18900,1.0671544075012207,1.0307377576828003,0.5591333508491516,,,
19000,1.0595353841781616,1.0309927463531494,0.5562938451766968,,,
19100,1.0656354427337646,1.0308151245117188,0.5570587515830994,,,
19200,1.0635584592819214,1.0307674407958984,0.5598919987678528,,,
19300,1.0621367692947388,1.0312868356704712,0.5590981841087341,,,
19400,1.0611759424209597,1.031441330909729,0.5580938458442688,,,
19500,1.060557842254639,1.0313233137130735,0.5581809878349304,,,
19600,1.0607149600982666,1.0314439535140991,0.5540810823440552,,,
19700,1.060663819313049,1.0312856435775757,0.5527896285057068,,,
19800,1.0615116357803345,1.0314598083496094,0.5575892329216003,,,
19900,1.0615711212158203,1.0312772989273071,0.5583968162536621,,,
20000,1.0601201057434082,1.0310529470443726,0.5569635033607483,,,
20100,1.0649080276489258,1.0307114124298096,0.5580247044563293,,,
20200,1.0685065984725952,1.0306456089019775,0.5556104779243469,,,
20300,1.068104267120361,1.0310208797454834,0.5572211146354675,,,
20400,1.0676778554916382,1.032043695449829,0.556268036365509,,,
20500,1.0653330087661743,1.0319762229919434,0.5554829239845276,,,
20600,1.0621349811553955,1.0319582223892212,0.5547751784324646,,,
20700,1.0622483491897583,1.031801700592041,0.5551555752754211,,,
20800,1.0600895881652832,1.0316112041473389,0.5554527640342712,,,
20900,1.0618412494659424,1.031696915626526,0.5548843741416931,,,
21000,1.0650365352630615,1.032228708267212,0.5550132393836975,,,
21100,1.063489317893982,1.0317376852035522,0.55747389793396,,,
21200,1.064957857131958,1.03221333026886,0.5587348341941833,,,
21300,1.0608402490615845,1.031931757926941,0.5596999526023865,,,
21400,1.0641294717788696,1.0317935943603516,0.5609472393989563,,,
21500,1.0670274496078491,1.031883716583252,0.5633541941642761,,,
21600,1.0680190324783323,1.0322884321212769,0.5623258948326111,,,
21700,1.065249800682068,1.0324757099151611,0.5615578293800354,,,
21800,1.0642763376235962,1.0330365896224976,0.5590499639511108,,,
21900,1.064514398574829,1.0334949493408203,0.5591840744018555,,,
22000,1.0646899938583374,1.0330702066421509,0.557300329208374,,,
22100,1.0633200407028198,1.0328625440597534,0.5588284134864807,,,
22200,1.0619831085205078,1.0324277877807615,0.5595173835754395,,,
22300,1.0599234104156494,1.0324186086654663,0.5595285892486572,,,
22400,1.0626295804977417,1.0319551229476929,0.5616559982299805,,,
22500,1.0671851634979248,1.0314971208572388,0.5619769096374512,,,
22600,1.0660046339035034,1.0319744348526,0.5607890486717224,,,
22700,1.0632578134536743,1.0317567586898804,0.5599901676177979,,,
22800,1.0582396984100342,1.0314903259277344,0.5618772506713867,,,
22900,1.0614203214645386,1.0317175388336182,0.5625619292259216,,,
23000,1.0592151880264282,1.0311654806137085,0.5613909363746643,,,
23100,1.060112237930298,1.0314648151397705,0.562102735042572,,,
23200,1.0616520643234253,1.0309300422668457,0.5611611604690552,,,
23300,1.0633410215377808,1.0308626890182495,0.5580413341522217,,,
23400,1.065645456314087,1.0307995080947876,0.557690441608429,,,
23500,1.0665407180786133,1.030967116355896,0.5565027594566345,,,
23600,1.0669065713882446,1.0311846733093262,0.5563764572143555,,,
23700,1.0714730024337769,1.0315284729003906,0.5563289523124695,,,
23800,1.0719293355941772,1.0315402746200562,0.5560486912727356,,,
23900,1.0721319913864136,1.0311731100082395,0.5570847392082214,,,
24000,1.0735321044921875,1.0313931703567505,0.5576329827308655,,,
24100,1.071910738945007,1.0312219858169556,0.5576914548873901,,,
24200,1.071582317352295,1.0314432382583618,0.5525870323181152,,,
24300,1.0719794034957886,1.031643271446228,0.5487492680549622,,,
24400,1.0707863569259644,1.0321520566940308,0.5505213141441345,,,
24500,1.071577072143555,1.0322760343551636,0.5518149733543396,,,
24600,1.070887804031372,1.0331629514694214,0.5496286749839783,,,
24700,1.0711439847946167,1.0325552225112915,0.5498375296592712,,,
24800,1.0721319913864136,1.0324509143829346,0.5498603582382202,,,
24900,1.068974852561951,1.032827377319336,0.5491054654121399,,,
25000,1.0703357458114624,1.033126711845398,0.5484082102775574,,,
25100,1.0704809427261353,1.0331000089645386,0.5477505922317505,,,
25200,1.0711952447891235,1.0327208042144775,0.5496070384979248,,,
25300,1.0724326372146606,1.0327913761138916,0.5521767139434814,,,
25400,1.0685778856277466,1.0324363708496094,0.5519332885742188,,,
25500,1.0666162967681885,1.0323543548583984,0.5529344081878662,,,
25600,1.0672460794448853,1.032734990119934,0.5523149371147156,,,
25700,1.0665405988693235,1.0327894687652588,0.5522260069847107,,,
25800,1.0633209943771362,1.0326107740402222,0.5533695220947266,,,
25900,1.0648168325424194,1.0329450368881226,0.5545184016227722,,,
26000,1.06300950050354,1.0328043699264526,0.5533097386360168,,,
26100,1.0646246671676636,1.032495141029358,0.5531848073005676,,,
26200,1.0621222257614136,1.0327444076538086,0.5538984537124634,,,
26300,1.063817262649536,1.0330170392990112,0.5513413548469543,,,
26400,1.0649937391281128,1.0333244800567627,0.5517041087150574,,,
26500,1.059734344482422,1.033762812614441,0.5520926713943481,,,
26600,1.0602285861968994,1.0333598852157593,0.5517908334732056,,,
26700,1.0563809871673584,1.0325254201889038,0.5505277514457703,,,
26800,1.0581823587417605,1.0318924188613892,0.5489497184753418,,,
26900,1.0579098463058472,1.0318764448165894,0.5490375757217407,,,
27000,1.0632458925247192,1.031638741493225,0.5487592816352844,,,
27100,1.0625553131103516,1.0310405492782593,0.5504953861236572,,,
27200,1.0557968616485596,1.030863642692566,0.5513156056404114,,,
27300,1.0535154342651367,1.0308598279953003,0.5552882552146912,,,
27400,1.0540677309036257,1.0304052829742432,0.5541950464248657,,,
27500,1.055669188499451,1.0299022197723389,0.556567370891571,,,
27600,1.0547630786895752,1.0295791625976562,0.5589596629142761,,,
27700,1.0566715002059937,1.0301697254180908,0.5617947578430176,,,
27800,1.0597597360610962,1.030266523361206,0.5614549517631531,,,
27900,1.057260274887085,1.0305513143539429,0.5658618807792664,,,
28000,1.0553103685379028,1.0300501585006714,0.563441276550293,,,
28100,1.0583250522613523,1.030630350112915,0.563044548034668,,,
28200,1.0590190887451172,1.0305999517440796,0.5619191527366638,,,
28300,1.0541800260543823,1.0305123329162598,0.560335099697113,,,
28400,1.0545976161956787,1.0300884246826172,0.5636461973190308,,,
28500,1.0512957572937012,1.0302553176879885,0.5618253350257874,,,
28600,1.054856300354004,1.030726671218872,0.5591134428977966,,,
28700,1.05232036113739,1.030809760093689,0.5580776929855347,,,
28800,1.050321340560913,1.0311707258224487,0.5585388541221619,,,
28900,1.053295016288757,1.0309652090072632,0.5593357682228088,,,
29000,,1.0318907499313354,0.5591583251953125,,,
29100,,1.0313163995742798,0.560679018497467,,,
29200,,1.0313137769699097,0.5594466328620911,,,
29300,,1.031002640724182,0.5583973526954651,,,
29400,,1.0312986373901367,0.5541686415672302,,,
29500,,1.0313156843185425,0.5539207458496094,,,
29600,,1.0311654806137085,0.5543815493583679,,,
29700,,1.0311263799667358,0.5544273257255554,,,
29800,,1.0310468673706057,0.5543708801269531,,,
29900,,1.0312153100967407,0.5523734092712402,,,
30000,,1.0307003259658811,0.5534067749977112,,,
30100,,1.0303131341934204,0.55470871925354,,,
30200,,1.029237985610962,0.5534071922302246,,,
30300,,1.029486060142517,0.5544465184211731,,,
30400,,1.02989661693573,0.5550174713134766,,,
30500,,1.0306226015090942,0.553709089756012,,,
30600,,1.0301913022994995,0.5516423583030701,,,
30700,,1.030044436454773,0.5499595403671265,,,
30800,,1.029749870300293,0.5492600202560425,,,
30900,,1.0300066471099854,0.5527777075767517,,,
31000,,1.02987802028656,0.5522980093955994,,,
31100,,1.0298501253128052,0.5549243092536926,,,
31200,,1.0301560163497925,0.5556582808494568,,,
31300,,1.0299476385116575,0.5536066889762878,,,
31400,,1.029246211051941,0.5506012439727783,,,
31500,,1.028831124305725,0.5533857345581055,,,
31600,,1.0286258459091189,0.5529860854148865,,,
31700,,1.0287388563156128,0.5505186915397644,,,
31800,,1.0288465023040771,0.551522970199585,,,
31900,,1.028481364250183,0.551235556602478,,,
32000,,1.0280811786651611,0.5534512400627136,,,
32100,,1.0287175178527832,0.5510544776916504,,,
32200,,1.0291112661361694,0.550881028175354,,,
32300,,1.0285372734069824,0.5515322685241699,,,
32400,,1.0284323692321775,0.5546547770500183,,,
32500,,1.0283030271530151,0.5546926856040955,,,
32600,,1.0284143686294556,0.5548431873321533,,,
32700,,1.0285604000091553,0.552412211894989,,,
32800,,1.0281459093093872,0.5504053235054016,,,
32900,,1.0294578075408936,0.5475549101829529,,,
33000,,1.029130935668945,0.5467219352722168,,,
33100,,1.029712200164795,0.5437861680984497,,,
33200,,1.0292465686798096,0.5422011613845825,,,
33300,,1.029828429222107,0.5421481132507324,,,
33400,,1.0295556783676147,0.5433880686759949,,,
33500,,1.0299590826034546,0.5426502227783203,,,
33600,,1.029327392578125,0.5431134104728699,,,
33700,,1.0295521020889282,0.5419604182243347,,,
33800,,1.0298610925674438,0.5412425994873047,,,
33900,,1.030877709388733,0.5426878929138184,,,
34000,,1.0307152271270752,0.5417438745498657,,,
34100,,1.030611872673035,0.5403401851654053,,,
34200,,1.0314558744430542,0.5401982069015503,,,
34300,,1.032539963722229,0.5435361266136169,,,
34400,,1.032960295677185,0.5424217581748962,,,
34500,,1.0328116416931152,0.5422788262367249,,,
34600,,1.032862424850464,0.5451985001564026,,,
34700,,1.0324796438217163,0.544197678565979,,,
34800,,1.031867265701294,0.5410133004188538,,,
34900,,1.032880187034607,0.5418780446052551,,,
35000,,1.0331768989562988,0.5407399535179138,,,
35100,,1.0329750776290894,0.5375979542732239,,,
35200,,1.033039093017578,0.53901606798172,,,
35300,,1.0337244272232056,0.5370379686355591,,,
35400,,1.033500075340271,0.5359979867935181,,,
35500,,1.0337072610855105,0.5324321985244751,,,
35600,,1.0334843397140503,0.52801913022995,,,
35700,,1.0331958532333374,0.5261968970298767,,,
35800,,1.0332430601119995,0.5269040465354919,,,
35900,,1.0330489873886108,0.5278469324111938,,,
36000,,1.0328878164291382,0.5265650749206543,,,
36100,,1.0329254865646362,0.5270892381668091,,,
36200,,1.0331385135650637,0.5300278067588806,,,
36300,,1.034070372581482,0.5321609377861023,,,
36400,,1.0339020490646362,0.533001720905304,,,
36500,,1.0331995487213137,0.5327299237251282,,,
36600,,1.0339325666427612,0.5309791564941406,,,
36700,,1.0332781076431274,0.5326265692710876,,,
36800,,1.0339504480361938,0.5304068922996521,,,
36900,,1.0337122678756714,0.529874324798584,,,
37000,,1.0338138341903689,0.5309838652610779,,,
37100,,1.0338293313980105,0.5311600565910339,,,
37200,,1.0334209203720093,0.5306529402732849,,,
37300,,1.0331038236618042,0.5312299728393555,,,
37400,,1.0330103635787964,0.533621609210968,,,
37500,,1.033542513847351,0.5326482653617859,,,
37600,,1.0325119495391846,0.5291948318481445,,,
37700,,1.0324935913085938,0.5320509076118469,,,
37800,,1.032740592956543,0.5306650996208191,,,
37900,,1.0327666997909546,0.5302568674087524,,,
38000,,1.0336198806762695,0.5313504338264465,,,
38100,,1.0341895818710327,0.5273123979568481,,,
38200,,1.0335121154785156,0.5266869068145752,,,
38300,,1.0326523780822754,0.5246611833572388,,,
38400,,1.0328487157821655,0.5280081033706665,,,
38500,,1.0326253175735474,0.5299394726753235,,,
38600,,1.0328065156936646,0.529585063457489,,,
38700,,1.0329517126083374,0.5275712609291077,,,
38800,,1.0325005054473877,0.5256997346878052,,,
38900,,1.0321818590164185,0.5236169099807739,,,
39000,,1.032327651977539,0.5247171521186829,,,
39100,,1.0320733785629272,0.5259057879447937,,,
39200,,1.0327173471450806,0.5279767513275146,,,
39300,,1.0323002338409424,0.5250816941261292,,,
39400,,1.032309889793396,0.5264496803283691,,,
39500,,1.0329800844192505,0.5276339650154114,,,
39600,,1.0339298248291016,0.5259803533554077,,,
39700,,1.033706545829773,0.5227988362312317,,,
39800,,1.0326961278915403,0.5258380174636841,,,
39900,,1.0332272052764893,0.5274938941001892,,,
40000,,1.0327666997909546,0.5271199345588684,,,
40100,,1.0341551303863523,0.5280520915985107,,,
40200,,1.0334570407867432,0.5295014381408691,,,
40300,,1.0337337255477903,0.5263820886611938,,,
40400,,1.0333915948867798,0.5275883078575134,,,
40500,,1.0334529876708984,0.5300235748291016,,,
40600,,1.0321142673492432,0.5285234451293945,,,
40700,,1.032306671142578,0.5295230746269226,,,
40800,,1.032488226890564,0.5306432843208313,,,
40900,,1.0321944952011108,0.5318450331687927,,,
41000,,1.0323697328567505,0.529636561870575,,,
41100,,1.0328140258789062,0.5336695909500122,,,
41200,,1.0334571599960327,0.5310683250427246,,,
41300,,1.0339609384536743,0.5323097109794617,,,
41400,,1.0339090824127195,0.5317416191101074,,,
41500,,1.0337284803390503,0.5276064872741699,,,
41600,,1.032070517539978,0.5252866148948669,,,
41700,,1.0319207906723022,0.5269532799720764,,,
41800,,1.0319892168045044,0.5274221301078796,,,
41900,,1.0319509506225586,0.5269719362258911,,,
42000,,1.0316064357757568,0.5257045030593872,,,
42100,,1.031164050102234,0.5257027745246887,,,
42200,,1.032016038894653,0.5254637002944946,,,
42300,,1.0318833589553833,0.5263928771018982,,,
42400,,1.0316709280014038,0.5285672545433044,,,
42500,,1.031973958015442,0.5323308706283569,,,
42600,,1.032475829124451,0.5302977561950684,,,
42700,,1.0318526029586792,0.5309357047080994,,,
42800,,1.0310848951339722,0.5325964093208313,,,
42900,,1.0308274030685425,0.5324394106864929,,,
43000,,1.0312492847442627,0.5323264002799988,,,
43100,,1.0306657552719116,0.5325009822845459,,,
43200,,1.0306503772735596,0.5315942168235779,,,
43300,,1.0304441452026367,0.5311735272407532,,,
43400,,1.0303022861480713,0.5348899960517883,,,
43500,,1.0301567316055298,0.5370898246765137,,,
43600,,1.0296887159347534,0.539997398853302,,,
43700,,1.0291060209274292,0.5400010347366333,,,
43800,,1.0292729139328003,0.5420944094657898,,,
43900,,1.029400110244751,0.5424403548240662,,,
44000,,1.0295757055282593,0.5427802801132202,,,
44100,,1.0297355651855469,0.5378807783126831,,,
44200,,1.0301612615585327,0.5367581248283386,,,
44300,,1.030680537223816,0.5366806983947754,,,
44400,,1.030462622642517,0.5397514700889587,,,
44500,,1.0294601917266846,0.5391778349876404,,,
44600,,1.029377579689026,0.5374337434768677,,,
44700,,1.0291883945465088,0.5355674028396606,,,
44800,,1.0299500226974487,0.5359728932380676,,,
44900,,1.0292887687683103,0.5368375182151794,,,
45000,,1.0293431282043457,0.53704434633255,,,
45100,,1.0299776792526243,0.538716733455658,,,
45200,,1.0301786661148071,0.5406585931777954,,,
45300,,1.0296839475631714,0.54399573802948,,,
45400,,1.0290507078170776,0.5424715876579285,,,
45500,,1.0293819904327393,0.5440886616706848,,,
45600,,1.0293163061141968,0.5460553765296936,,,
45700,,1.0285590887069702,0.5469675064086914,,,
45800,,1.0288773775100708,0.54867023229599,,,
45900,,1.0299245119094849,0.5494047999382019,,,
46000,,1.0287317037582395,0.5497325658798218,,,
46100,,1.027772307395935,0.552011251449585,,,
46200,,1.028438687324524,0.550003170967102,,,
46300,,1.028334140777588,0.5504917502403259,,,
46400,,1.0285049676895142,0.5500978827476501,,,
46500,,1.0292237997055054,0.5489799380302429,,,
46600,,1.028983473777771,0.5470589995384216,,,
46700,,1.029841661453247,0.5444905161857605,,,
46800,,1.0294348001480105,0.5450677871704102,,,
46900,,1.0299630165100098,0.5444394946098328,,,
47000,,1.0304685831069946,0.5432394742965698,,,
47100,,1.029902696609497,0.5428099632263184,,,
47200,,1.0291240215301514,0.5438521504402161,,,
47300,,1.029480218887329,0.5439109206199646,,,
47400,,1.029780030250549,0.5434104204177856,,,
47500,,1.029221773147583,0.5436329245567322,,,
47600,,1.0282753705978394,0.546169638633728,,,
47700,,1.0280122756958008,0.5471988916397095,,,
47800,,1.0282341241836548,0.5479226112365723,,,
47900,,1.0274618864059448,0.55060213804245,,,
48000,,1.0265182256698608,0.5489725470542908,,,
48100,,1.0267384052276611,0.5469170808792114,,,
48200,,1.026310920715332,0.5476370453834534,,,
48300,,1.0261554718017578,0.5486840605735779,,,
48400,,1.0251835584640503,0.5480729341506958,,,
48500,,1.0247257947921753,0.5489984750747681,,,
48600,,1.0252903699874878,0.5498492121696472,,,
48700,,1.0261754989624023,0.5486875772476196,,,
48800,,1.0247174501419067,0.5480834245681763,,,
48900,,1.0254080295562744,0.5465635657310486,,,
49000,,1.0262763500213623,0.5481351017951965,,,
49100,,1.0259376764297483,0.5521159768104553,,,
49200,,1.0254583358764648,0.5490814447402954,,,
49300,,1.0262625217437744,0.5486804842948914,,,
49400,,1.0274066925048828,0.5459830164909363,,,
49500,,1.0285714864730835,0.5433825254440308,,,
49600,,1.0273916721343994,0.5426334738731384,,,
49700,,1.0274289846420288,0.5429186224937439,,,
49800,,1.027274489402771,0.5421126484870911,,,
49900,,1.0276079177856443,0.547703742980957,,,
50000,,1.026798129081726,0.5480141639709473,,,
50100,,1.0267311334609983,0.5482771992683411,,,
50200,,1.026367425918579,0.5480793118476868,,,
50300,,1.0272969007492063,0.5500027537345886,,,
50400,,1.0270302295684814,0.5511063933372498,,,
50500,,1.0260924100875854,0.5523062944412231,,,
50600,,1.0274550914764404,0.5518946051597595,,,
50700,,1.027692794799805,0.5510079860687256,,,
50800,,1.0277680158615112,0.5510494112968445,,,
50900,,1.0298783779144287,0.551444947719574,,,
51000,,1.0306352376937866,0.5516138672828674,,,
51100,,1.0298084020614624,0.5517510771751404,,,
51200,,1.030542016029358,0.5508294701576233,,,
51300,,1.0309916734695437,0.5501734018325806,,,
51400,,1.0306885242462158,0.5490000247955322,,,
51500,,1.0311670303344729,0.547737181186676,,,
51600,,1.0306789875030518,0.5483528971672058,,,
51700,,1.0300348997116089,0.5478522181510925,,,
51800,,1.030747652053833,0.5445972681045532,,,
51900,,1.0309022665023804,0.5492493510246277,,,
52000,,1.0325217247009275,0.5476921796798706,,,
52100,,1.032081961631775,0.5472105145454407,,,
52200,,1.031841516494751,0.548984944820404,,,
52300,,1.0329300165176392,0.546565055847168,,,
52400,,1.0336952209472656,0.5472579002380371,,,
52500,,1.0333343744277954,0.5470896363258362,,,
52600,,1.033866047859192,0.5491953492164612,,,
52700,,1.0330270528793335,0.5480764508247375,,,
52800,,1.0326921939849854,0.5486934781074524,,,
52900,,1.0329303741455078,0.5479505658149719,,,
53000,,1.0330041646957395,0.5475825071334839,,,
53100,,1.0326963663101196,0.5456277132034302,,,
53200,,1.0321365594863892,0.5456981658935547,,,
53300,,1.0326968431472778,0.5468601584434509,,,
53400,,1.032135844230652,0.5440231561660767,,,
53500,,1.0325405597686768,0.5425512194633484,,,
53600,,1.0336837768554688,0.5457735061645508,,,
53700,,1.0334937572479248,0.545447051525116,,,
53800,,1.0317274332046509,0.5476034879684448,,,
53900,,1.0321937799453735,0.5485579371452332,,,
54000,,1.031378149986267,0.546649694442749,,,
54100,,1.0315550565719604,0.5476646423339844,,,
54200,,1.0306235551834106,0.5459905862808228,,,
54300,,1.0311111211776731,0.5453729033470154,,,
54400,,1.0319483280181885,0.5445884466171265,,,
54500,,1.0312683582305908,0.5423093438148499,,,
54600,,1.031503438949585,0.5417208075523376,,,
54700,,1.032888650894165,0.5427863001823425,,,
54800,,1.0335811376571655,0.5427414178848267,,,
54900,,1.03402841091156,0.5430946350097656,,,
55000,,1.0359830856323242,0.5416131615638733,,,
55100,,1.0370429754257202,0.5408973693847656,,,
55200,,1.038538932800293,0.5405715107917786,,,
55300,,1.0379958152770996,0.5381774306297302,,,
55400,,1.0384100675582886,0.5374274253845215,,,
55500,,1.0394117832183838,0.5372232794761658,,,
55600,,1.0392677783966064,0.5376801490783691,,,
55700,,1.0384180545806885,0.5376726984977722,,,
55800,,1.0379263162612915,0.5395700335502625,,,
55900,,1.038297176361084,0.5394920706748962,,,
56000,,1.037534475326538,0.538350522518158,,,
56100,,1.037247657775879,0.5387059450149536,,,
56200,,1.0357426404953003,0.5390595197677612,,,
56300,,1.0362564325332642,0.5396977663040161,,,
56400,,1.0361788272857666,0.5367115139961243,,,
56500,,1.035834550857544,0.534703254699707,,,
56600,,1.036518692970276,0.5342375040054321,,,
56700,,1.0368003845214844,0.5326148867607117,,,
56800,,1.03645122051239,0.5330695509910583,,,
56900,,1.0365508794784546,0.5301269888877869,,,
57000,,1.036340355873108,0.5335661172866821,,,
57100,,1.0360804796218872,0.5347668528556824,,,
57200,,1.0356794595718384,0.5323919653892517,,,
57300,,1.0358657836914062,0.5292176604270935,,,
57400,,1.035474181175232,0.5306615829467773,,,
57500,,1.0348660945892334,0.5322611927986145,,,
57600,,1.0353420972824097,0.5348986983299255,,,
57700,,1.037357211112976,0.5333264470100403,,,
57800,,1.038304567337036,0.53187495470047,,,
57900,,1.0378717184066772,0.5315327644348145,,,
58000,,1.0394392013549805,0.5291632413864136,,,
58100,,1.0401960611343384,0.529293954372406,,,
58200,,1.0392060279846191,0.5288441777229309,,,
58300,,1.0390522480010986,0.5296022295951843,,,
58400,,1.0376596450805664,0.5297167301177979,,,
58500,,1.037608027458191,0.5292811393737793,,,
58600,,1.036634087562561,0.5289435982704163,,,
58700,,1.036908745765686,0.5274348258972168,,,
58800,,1.0355805158615112,0.5268848538398743,,,
58900,,1.0353349447250366,0.5273323059082031,,,
59000,,1.0355076789855957,0.527424156665802,,,
59100,,1.034626841545105,0.5246524214744568,,,
59200,,1.0333768129348757,0.5260346531867981,,,
59300,,1.034611701965332,0.5250045657157898,,,
59400,,1.0340275764465332,0.5260776281356812,,,
59500,,1.0360710620880127,0.5219631195068359,,,
59600,,1.036093831062317,0.5215518474578857,,,
59700,,1.0370019674301147,0.5239434242248535,,,
59800,,1.035286784172058,0.5212860703468323,,,
59900,,1.0344070196151731,,,,
60000,,1.0347908735275269,,,,
60100,,1.0364919900894165,,,,
60200,,1.0362780094146729,,,,
60300,,1.036561369895935,,,,
60400,,1.035026788711548,,,,
60500,,1.0362210273742676,,,,
60600,,1.03616464138031,,,,
60700,,1.0342069864273071,,,,
60800,,1.0351380109786987,,,,
60900,,1.034050226211548,,,,
61000,,1.0347903966903689,,,,
61100,,1.0342015027999878,,,,
61200,,1.0330517292022705,,,,
61300,,1.034481406211853,,,,
61400,,1.0351051092147827,,,,
61500,,1.0358489751815796,,,,
61600,,1.0344699621200562,,,,
61700,,1.0351157188415527,,,,
61800,,1.0363609790802002,,,,
61900,,1.0358320474624634,,,,
62000,,1.0367894172668457,,,,
62100,,1.03689706325531,,,,
62200,,1.0369127988815308,,,,
62300,,1.037693738937378,,,,
62400,,1.0383753776550293,,,,
62500,,1.0382570028305054,,,,
62600,,1.0394848585128784,,,,
62700,,1.040263295173645,,,,
62800,,1.0400553941726685,,,,
62900,,1.0402754545211792,,,,
63000,,1.0396913290023804,,,,
63100,,1.039603590965271,,,,
63200,,1.040108323097229,,,,
63300,,1.0398086309432983,,,,
63400,,1.0387824773788452,,,,
63500,,1.0389937162399292,,,,
63600,,1.0393308401107788,,,,
63700,,1.040034532546997,,,,
63800,,1.041614055633545,,,,
63900,,1.0432618856430054,,,,
64000,,1.0446860790252686,,,,
64100,,1.0445035696029663,,,,
64200,,1.0443893671035769,,,,
64300,,1.0442551374435425,,,,
64400,,1.0441144704818726,,,,
64500,,1.0430253744125366,,,,
64600,,1.0419116020202637,,,,
64700,,1.0414777994155884,,,,
64800,,1.0402605533599854,,,,
64900,,1.0394588708877563,,,,
65000,,1.0398842096328735,,,,
65100,,1.038987398147583,,,,
65200,,1.0387179851531982,,,,
65300,,1.0364573001861572,,,,
65400,,1.0375874042510986,,,,
65500,,1.037150263786316,,,,
65600,,1.0377253293991089,,,,
65700,,1.037426233291626,,,,
65800,,1.0367296934127808,,,,
65900,,1.0365726947784424,,,,
66000,,1.0389336347579956,,,,
66100,,1.0382766723632812,,,,
66200,,1.0374253988265991,,,,
66300,,1.0373926162719729,,,,
66400,,1.0375856161117554,,,,
66500,,1.0371638536453247,,,,
66600,,1.0371259450912476,,,,
66700,,1.0375761985778809,,,,
66800,,1.0386912822723389,,,,
66900,,1.0378644466400146,,,,
67000,,1.0379445552825928,,,,
67100,,1.0369741916656494,,,,
67200,,1.0360348224639893,,,,
67300,,1.0370244979858398,,,,
67400,,1.0372449159622192,,,,
67500,,1.0359642505645752,,,,
67600,,1.0374950170516968,,,,
67700,,1.0385175943374634,,,,
67800,,1.0373194217681885,,,,
67900,,1.0354585647583008,,,,
68000,,1.034852385520935,,,,
68100,,1.033252835273743,,,,
68200,,1.0356696844100952,,,,
68300,,1.035860300064087,,,,
68400,,1.035720705986023,,,,
68500,,1.0366171598434448,,,,
68600,,1.0352716445922852,,,,
68700,,1.0359376668930054,,,,
68800,,1.0354738235473633,,,,
68900,,1.0352383852005005,,,,
69000,,1.0343596935272217,,,,
69100,,1.0356544256210327,,,,
69200,,1.0376226902008057,,,,
69300,,1.0363680124282837,,,,
69400,,1.036531925201416,,,,
69500,,1.037289023399353,,,,
69600,,1.035821557044983,,,,
69700,,1.0355448722839355,,,,
69800,,1.034462571144104,,,,
69900,,1.0360143184661863,,,,
70000,,1.0349568128585815,,,,
70100,,1.0356050729751587,,,,
70200,,1.035899043083191,,,,
70300,,1.036347508430481,,,,
70400,,1.0364494323730469,,,,
70500,,1.0357595682144165,,,,
70600,,1.0363630056381226,,,,
70700,,1.0372203588485718,,,,
70800,,1.036020040512085,,,,
70900,,1.0353596210479736,,,,
71000,,1.0337474346160889,,,,
71100,,1.032986402511597,,,,
71200,,1.0338348150253296,,,,
71300,,1.0346107482910156,,,,
71400,,1.0351533889770508,,,,
71500,,1.033602952957153,,,,
71600,,1.0347551107406616,,,,
71700,,1.0353076457977295,,,,
71800,,1.0358628034591677,,,,
71900,,1.036090850830078,,,,
72000,,1.0366219282150269,,,,
72100,,1.0357288122177124,,,,
72200,,1.0365394353866575,,,,
72300,,1.0365639925003052,,,,
72400,,1.0362825393676758,,,,
72500,,1.034548282623291,,,,
72600,,1.0358562469482422,,,,
72700,,1.037840723991394,,,,
72800,,1.038251280784607,,,,
72900,,1.0386017560958862,,,,
73000,,1.038615107536316,,,,
73100,,1.0390926599502563,,,,
73200,,1.0394339561462402,,,,
73300,,1.0381157398223877,,,,
73400,,1.0374435186386108,,,,
73500,,1.0381929874420166,,,,
73600,,1.0391241312026978,,,,
73700,,1.041235327720642,,,,
73800,,1.040973424911499,,,,
73900,,1.0412644147872925,,,,
74000,,1.0408589839935305,,,,
74100,,1.0435978174209597,,,,
74200,,1.0428396463394165,,,,
74300,,1.04240882396698,,,,
74400,,1.041907548904419,,,,
74500,,1.0426080226898191,,,,
74600,,1.0416312217712402,,,,
74700,,1.0434976816177368,,,,
74800,,1.0454754829406738,,,,
74900,,1.0465644598007202,,,,
75000,,1.0466337203979492,,,,
75100,,1.0483571290969849,,,,
75200,,1.0479611158370972,,,,
75300,,1.0463355779647827,,,,
75400,,1.046736717224121,,,,
75500,,1.0458368062973022,,,,
75600,,1.0476256608963013,,,,
75700,,1.0460913181304932,,,,
75800,,1.0463179349899292,,,,
75900,,1.0480746030807495,,,,
76000,,1.049071192741394,,,,
76100,,1.0496084690093994,,,,
76200,,1.0491936206817627,,,,
76300,,1.0512775182724,,,,
76400,,1.051268219947815,,,,
76500,,1.0513495206832886,,,,
76600,,1.0499602556228638,,,,
76700,,1.0507739782333374,,,,
76800,,1.0508252382278442,,,,
76900,,1.0536983013153076,,,,
77000,,1.0517908334732056,,,,
77100,,1.0504730939865112,,,,
77200,,1.048770785331726,,,,
77300,,1.050408124923706,,,,
77400,,1.050498366355896,,,,
77500,,1.049362301826477,,,,
77600,,1.049715280532837,,,,
77700,,1.0498498678207395,,,,
77800,,1.0482107400894165,,,,
77900,,1.0485897064208984,,,,
78000,,1.0473480224609375,,,,
78100,,1.0487135648727417,,,,
78200,,1.0488771200180054,,,,
78300,,1.048378348350525,,,,
78400,,1.0450502634048462,,,,
78500,,1.04420804977417,,,,
78600,,1.044426202774048,,,,
78700,,1.0437697172164917,,,,
78800,,1.0435571670532229,,,,
78900,,1.0422276258468628,,,,
79000,,1.0426071882247925,,,,
79100,,1.0437452793121338,,,,
79200,,1.0433567762374878,,,,
79300,,1.0445014238357544,,,,
79400,,1.0446714162826538,,,,
79500,,1.046337008476257,,,,
79600,,1.0493773221969604,,,,
79700,,1.0485422611236572,,,,
79800,,1.0476690530776978,,,,
79900,,1.0470166206359863,,,,
80000,,1.0478825569152832,,,,
80100,,1.0472898483276367,,,,
80200,,1.0480936765670776,,,,
80300,,1.0490273237228394,,,,
80400,,1.049427509307861,,,,
80500,,1.0503385066986084,,,,
80600,,1.051211953163147,,,,
80700,,1.0510835647583008,,,,
80800,,1.0496866703033447,,,,
80900,,1.0484172105789185,,,,
81000,,1.050576090812683,,,,
81100,,1.0470736026763916,,,,
81200,,1.0440934896469116,,,,
81300,,1.0435361862182615,,,,
81400,,1.0456948280334473,,,,
81500,,1.0437827110290527,,,,
81600,,1.0433655977249146,,,,
81700,,1.0435789823532104,,,,
81800,,1.0439693927764893,,,,
81900,,1.0425759553909302,,,,
82000,,1.045995831489563,,,,
82100,,1.043347954750061,,,,
82200,,1.043957233428955,,,,
82300,,1.04499614238739,,,,
82400,,1.0439693927764893,,,,
82500,,1.0438369512557983,,,,
82600,,1.0429264307022097,,,,
82700,,1.043883204460144,,,,
82800,,1.0445412397384644,,,,
82900,,1.0460799932479858,,,,
83000,,1.0472080707550049,,,,
83100,,1.0464372634887695,,,,
83200,,1.0457667112350464,,,,
83300,,1.0457314252853394,,,,
83400,,1.044581651687622,,,,
83500,,1.0447134971618652,,,,
83600,,1.0435173511505127,,,,
83700,,1.042574763298035,,,,
83800,,1.041461706161499,,,,
83900,,1.0385162830352783,,,,
84000,,1.0382025241851809,,,,
84100,,1.0379053354263306,,,,
84200,,1.037883758544922,,,,
84300,,1.0409202575683594,,,,
84400,,1.0401878356933594,,,,
84500,,1.0410460233688354,,,,
84600,,1.0407803058624268,,,,
84700,,1.0400975942611694,,,,
84800,,1.040257692337036,,,,
84900,,1.041570067405701,,,,
85000,,1.0407971143722534,,,,
85100,,1.0451449155807495,,,,
85200,,1.0451282262802124,,,,
85300,,1.0428097248077393,,,,
85400,,1.0435420274734497,,,,
85500,,1.045217514038086,,,,
85600,,1.046860933303833,,,,
85700,,1.04808509349823,,,,
85800,,1.0493544340133667,,,,
85900,,1.0505753755569458,,,,
86000,,1.0540611743927002,,,,
86100,,1.0531058311462402,,,,
86200,,1.053998351097107,,,,
86300,,1.0541318655014038,,,,
86400,,1.054726243019104,,,,
86500,,1.056443214416504,,,,
86600,,1.0565932989120483,,,,
86700,,1.0582855939865112,,,,
86800,,1.0576026439666748,,,,
86900,,1.0555766820907593,,,,
87000,,1.054716944694519,,,,
87100,,1.0545262098312378,,,,
87200,,1.0557101964950562,,,,
87300,,1.0537153482437134,,,,
87400,,1.055288553237915,,,,
87500,,1.0554262399673462,,,,
87600,,1.054279327392578,,,,
87700,,1.0552901029586792,,,,
87800,,1.0552819967269895,,,,
87900,,1.055703043937683,,,,
88000,,1.0557098388671875,,,,
88100,,1.0564987659454346,,,,
88200,,1.0594743490219116,,,,
88300,,1.0605783462524414,,,,
88400,,1.0608536005020142,,,,
88500,,1.0599931478500366,,,,
88600,,1.0612653493881226,,,,
88700,,1.0617364645004272,,,,
88800,,1.060238242149353,,,,
88900,,1.0588325262069702,,,,
89000,,1.0607671737670898,,,,
89100,,1.0624383687973022,,,,
89200,,1.0626453161239624,,,,
89300,,1.061504364013672,,,,
89400,,1.062023401260376,,,,
89500,,1.062545895576477,,,,
89600,,1.0611618757247925,,,,
89700,,1.0613347291946411,,,,
89800,,1.0606533288955688,,,,
89900,,1.0582612752914429,,,,
90000,,1.0593219995498655,,,,
90100,,1.0593184232711792,,,,
90200,,1.0571155548095703,,,,
90300,,1.059959053993225,,,,
90400,,1.0570385456085205,,,,
90500,,1.0588114261627195,,,,
90600,,1.0577644109725952,,,,
90700,,1.0590870380401611,,,,
90800,,1.058907389640808,,,,
90900,,1.059456467628479,,,,
91000,,1.0587637424468994,,,,
91100,,1.0557708740234375,,,,
91200,,1.0578699111938477,,,,
91300,,1.0571125745773315,,,,
91400,,1.057156682014465,,,,
91500,,1.0585631132125854,,,,
91600,,1.057637095451355,,,,
91700,,1.0569676160812378,,,,
91800,,1.057493805885315,,,,
91900,,1.0563623905181885,,,,
92000,,1.0561769008636477,,,,
92100,,1.0570642948150637,,,,
92200,,1.0567830801010132,,,,
92300,,1.0590245723724363,,,,
92400,,1.0587996244430542,,,,
92500,,1.0580281019210815,,,,
92600,,1.0595639944076538,,,,
92700,,1.0618222951889038,,,,
92800,,1.0627985000610352,,,,
92900,,1.0624048709869385,,,,
93000,,1.062322020530701,,,,
93100,,1.0627623796463013,,,,
93200,,1.0626453161239624,,,,
93300,,1.0613983869552612,,,,
93400,,1.0611776113510132,,,,
93500,,1.0622166395187378,,,,
93600,,1.0615452527999878,,,,
93700,,1.0608713626861572,,,,
93800,,1.0626682043075562,,,,
93900,,1.0652360916137695,,,,
94000,,1.0656136274337769,,,,
94100,,1.067726969718933,,,,
94200,,1.0660946369171145,,,,
94300,,1.0656406879425049,,,,
94400,,1.0641735792160034,,,,
94500,,1.062743067741394,,,,
94600,,1.0632380247116089,,,,
94700,,1.06197190284729,,,,
94800,,1.0628256797790527,,,,
94900,,1.0617061853408811,,,,
95000,,1.0621668100357056,,,,
95100,,1.0622165203094482,,,,
95200,,1.061676859855652,,,,
95300,,1.0626001358032229,,,,
95400,,1.064726948738098,,,,
95500,,1.065942645072937,,,,
95600,,1.0647671222686768,,,,
95700,,1.0637359619140625,,,,
95800,,1.0636436939239502,,,,
95900,,1.0621355772018433,,,,
96000,,1.0636892318725586,,,,
96100,,1.0641411542892456,,,,
96200,,1.0655137300491333,,,,
96300,,1.0644711256027222,,,,
96400,,1.0659083127975464,,,,
96500,,1.0661344528198242,,,,
96600,,1.0668734312057495,,,,
96700,,1.0683664083480835,,,,
96800,,1.0663055181503296,,,,
96900,,1.067034125328064,,,,
97000,,1.0684133768081665,,,,
97100,,1.068830490112305,,,,
97200,,1.0695990324020386,,,,
97300,,1.069959282875061,,,,
97400,,1.0702625513076782,,,,
97500,,1.069796442985535,,,,
97600,,1.0696423053741455,,,,
97700,,1.0696630477905271,,,,
97800,,1.0691407918930054,,,,
97900,,1.0679378509521484,,,,
98000,,1.0673351287841797,,,,
98100,,1.0665110349655151,,,,
98200,,1.0671675205230713,,,,
98300,,1.0677387714385986,,,,
98400,,1.0689140558242798,,,,
98500,,1.0706876516342163,,,,
98600,,1.0686935186386108,,,,
98700,,1.0700528621673584,,,,
98800,,1.0685323476791382,,,,
98900,,1.0669901371002195,,,,
99000,,1.0675840377807615,,,,
99100,,1.0675538778305054,,,,
99200,,1.0658209323883057,,,,
99300,,1.0670931339263916,,,,
99400,,1.0656474828720093,,,,
99500,,1.069366216659546,,,,
99600,,1.0693244934082031,,,,
99700,,1.0705574750900269,,,,
99800,,1.072550654411316,,,,
99900,,1.074970245361328,,,,
100000,,1.0730143785476685,,,,
100100,,1.0717657804489136,,,,
100200,,1.0717977285385132,,,,
100300,,1.0717971324920654,,,,
100400,,1.071679711341858,,,,
100500,,1.072299838066101,,,,
100600,,1.0745505094528198,,,,
100700,,1.0738447904586792,,,,
100800,,1.0757601261138916,,,,
100900,,1.0782209634780884,,,,
101000,,1.078783392906189,,,,
101100,,1.0820131301879885,,,,
101200,,1.081218123435974,,,,
101300,,1.0795286893844604,,,,
101400,,1.0797030925750732,,,,
101500,,1.0795869827270508,,,,
101600,,1.0794552564620972,,,,
101700,,1.0800485610961914,,,,
101800,,1.08030366897583,,,,
101900,,1.0832003355026243,,,,
102000,,1.082901120185852,,,,
102100,,1.0837501287460327,,,,
102200,,1.085260987281799,,,,
102300,,1.087815523147583,,,,
102400,,1.087382435798645,,,,
102500,,1.0842735767364502,,,,
102600,,1.0825966596603394,,,,
102700,,1.082306742668152,,,,
102800,,1.0837559700012207,,,,
102900,,1.0852447748184204,,,,
103000,,1.0870568752288818,,,,
103100,,1.0884666442871094,,,,
103200,,1.0875991582870483,,,,
103300,,1.0849441289901731,,,,
103400,,1.0852177143096924,,,,
103500,,1.083491325378418,,,,
103600,,1.0810574293136597,,,,
103700,,1.0820740461349487,,,,
103800,,1.0804897546768188,,,,
103900,,1.0801576375961304,,,,
104000,,1.0783318281173706,,,,
104100,,1.080460548400879,,,,
104200,,1.0790326595306396,,,,
104300,,1.0800575017929075,,,,
104400,,1.080923080444336,,,,
104500,,1.0783414840698242,,,,
104600,,1.0790246725082395,,,,
104700,,1.0811611413955688,,,,
104800,,1.0804182291030884,,,,
104900,,1.0805329084396362,,,,
105000,,1.0818060636520386,,,,
105100,,1.0810261964797974,,,,
105200,,1.0822697877883911,,,,
105300,,1.0780272483825684,,,,
105400,,1.076996088027954,,,,
105500,,1.0763858556747437,,,,
105600,,1.0805429220199585,,,,
105700,,1.0824687480926514,,,,
105800,,1.079498052597046,,,,
105900,,1.0829471349716189,,,,
106000,,1.0843920707702637,,,,
106100,,1.084630012512207,,,,
106200,,1.0855430364608765,,,,
106300,,1.086715817451477,,,,
106400,,1.0868860483169556,,,,
106500,,1.086706042289734,,,,
106600,,1.084627985954285,,,,
106700,,1.0836191177368164,,,,
106800,,1.083584189414978,,,,
106900,,1.0827492475509644,,,,
107000,,1.0833529233932495,,,,
107100,,1.0823043584823608,,,,
107200,,1.0817822217941284,,,,
107300,,1.082883358001709,,,,
107400,,1.0836321115493774,,,,
107500,,1.0842552185058594,,,,
107600,,1.085626482963562,,,,
107700,,1.086356282234192,,,,
107800,,1.0864337682724,,,,
107900,,1.0860726833343506,,,,
108000,,1.0874382257461548,,,,
108100,,1.0893219709396362,,,,
108200,,1.0910700559616089,,,,
108300,,1.0913230180740356,,,,
108400,,1.0898267030715942,,,,
108500,,1.091143012046814,,,,
108600,,1.091880440711975,,,,
108700,,1.0904268026351929,,,,
108800,,1.0908010005950928,,,,
108900,,1.0906397104263306,,,,
109000,,1.0896881818771362,,,,
109100,,1.0876926183700562,,,,
109200,,1.0865252017974854,,,,
109300,,1.0879791975021362,,,,
109400,,1.087896704673767,,,,
109500,,1.0878857374191284,,,,
109600,,1.0899523496627808,,,,
109700,,1.0918456315994265,,,,
109800,,1.091611623764038,,,,
109900,,1.0927363634109497,,,,
110000,,1.0939491987228394,,,,
110100,,1.0932472944259644,,,,
110200,,1.0909355878829956,,,,
110300,,1.091192364692688,,,,
110400,,1.092260241508484,,,,
110500,,1.0922445058822632,,,,
110600,,1.0921913385391235,,,,
110700,,1.0925817489624023,,,,
110800,,1.0928608179092407,,,,
110900,,1.0934284925460815,,,,
111000,,1.0939635038375854,,,,
111100,,1.0956910848617554,,,,
111200,,1.0993788242340088,,,,
111300,,1.1026173830032349,,,,
111400,,1.10385262966156,,,,
111500,,1.1030219793319702,,,,
111600,,1.1047983169555664,,,,
111700,,1.1039141416549685,,,,
111800,,1.1046384572982788,,,,
111900,,1.1027811765670776,,,,
112000,,1.1044212579727173,,,,
112100,,1.1025313138961792,,,,
112200,,1.104963302612305,,,,
112300,,1.1068423986434937,,,,
112400,,1.1047061681747437,,,,
112500,,1.1057876348495483,,,,
112600,,1.1054972410202026,,,,
112700,,1.1061893701553345,,,,
112800,,1.1072906255722046,,,,
112900,,1.1101465225219729,,,,
113000,,1.1102585792541504,,,,
113100,,1.109817385673523,,,,
113200,,1.1114755868911743,,,,
113300,,1.1094495058059692,,,,
113400,,1.1090339422225952,,,,
113500,,1.1084556579589844,,,,
113600,,1.1077795028686523,,,,
113700,,1.1114044189453125,,,,
113800,,1.1128642559051514,,,,
113900,,1.1143308877944946,,,,
114000,,1.115308165550232,,,,
114100,,1.116652488708496,,,,
114200,,1.1194514036178589,,,,
114300,,1.118152737617493,,,,
114400,,1.1195515394210815,,,,
114500,,1.119410514831543,,,,
114600,,1.1194876432418823,,,,
114700,,1.1182817220687866,,,,
114800,,1.115697979927063,,,,
114900,,1.1124629974365234,,,,
115000,,1.1185346841812134,,,,
115100,,1.118401050567627,,,,
115200,,1.1201118230819702,,,,
115300,,1.1194816827774048,,,,
115400,,1.1209609508514404,,,,
115500,,1.122825026512146,,,,
115600,,1.1232246160507202,,,,
115700,,1.1195636987686155,,,,
115800,,1.1177748441696167,,,,
115900,,1.1196742057800293,,,,
116000,,1.1186840534210205,,,,
116100,,1.1172529458999634,,,,
116200,,1.1167577505111694,,,,
116300,,1.1169273853302002,,,,
116400,,1.1169848442077637,,,,
116500,,1.1177209615707395,,,,
116600,,1.1160744428634644,,,,
116700,,1.1175614595413208,,,,
116800,,1.120444655418396,,,,
116900,,1.121810793876648,,,,
117000,,1.1221390962600708,,,,
117100,,1.1219958066940308,,,,
117200,,1.1217044591903689,,,,
117300,,1.1227576732635498,,,,
117400,,1.1221923828125,,,,
117500,,1.121387958526611,,,,
117600,,1.122355341911316,,,,
117700,,1.1247483491897583,,,,
117800,,1.123715043067932,,,,
117900,,1.1257151365280151,,,,
118000,,1.1248955726623535,,,,
118100,,1.1252665519714355,,,,
118200,,1.127078890800476,,,,
118300,,1.1260546445846558,,,,
118400,,1.1289783716201782,,,,
118500,,1.1311825513839722,,,,
118600,,1.1294758319854736,,,,
118700,,1.1288334131240845,,,,
118800,,1.1284114122390747,,,,
118900,,1.1276510953903198,,,,
119000,,1.1308722496032717,,,,
119100,,1.1310087442398071,,,,
119200,,1.1301883459091189,,,,
119300,,1.1265275478363037,,,,
119400,,1.126590609550476,,,,
119500,,1.1279085874557495,,,,
119600,,1.128219485282898,,,,
119700,,1.1272175312042236,,,,
119800,,1.1262335777282717,,,,
119900,,1.1260474920272827,,,,
120000,,1.125598430633545,,,,
120100,,1.1243736743927002,,,,
120200,,1.1246376037597656,,,,
120300,,1.1245431900024414,,,,
120400,,1.1219720840454102,,,,
120500,,1.12272310256958,,,,
120600,,1.122502684593201,,,,
120700,,1.1230899095535278,,,,
120800,,1.1238383054733276,,,,
120900,,1.1244572401046753,,,,
121000,,1.1248540878295898,,,,
121100,,1.1253913640975952,,,,
121200,,1.1259905099868774,,,,
121300,,1.1267807483673096,,,,
121400,,1.126384139060974,,,,
121500,,1.1263576745986938,,,,
121600,,1.1262873411178589,,,,
121700,,1.126092791557312,,,,
121800,,1.126140594482422,,,,
121900,,1.125618815422058,,,,
122000,,1.1264450550079346,,,,
122100,,1.1266591548919678,,,,
122200,,1.1295503377914429,,,,
122300,,1.1316859722137451,,,,
122400,,1.132266402244568,,,,
122500,,1.1307075023651123,,,,
122600,,1.1295721530914309,,,,
122700,,1.1327065229415894,,,,
122800,,1.135845422744751,,,,
122900,,1.1358455419540403,,,,
123000,,1.13697612285614,,,,
123100,,1.1375181674957275,,,,
123200,,1.135408639907837,,,,
123300,,1.1337099075317385,,,,
123400,,1.1345940828323364,,,,
123500,,1.134235978126526,,,,
123600,,1.1358593702316284,,,,
123700,,1.1345643997192385,,,,
123800,,1.1333469152450562,,,,
123900,,1.135201334953308,,,,
124000,,1.1343368291854858,,,,
124100,,1.1356834173202517,,,,
124200,,1.1348472833633425,,,,
124300,,1.1332855224609375,,,,
124400,,1.1331380605697632,,,,
124500,,1.1332505941390991,,,,
124600,,1.1319503784179688,,,,
124700,,1.1311709880828855,,,,
124800,,1.1316622495651243,,,,
124900,,1.1318124532699585,,,,
125000,,1.1333417892456057,,,,
125100,,1.1344531774520874,,,,
125200,,1.1363519430160522,,,,
125300,,1.138766169548035,,,,
125400,,1.1405624151229858,,,,
125500,,1.1374939680099487,,,,
125600,,1.1390312910079956,,,,
125700,,1.1352927684783936,,,,
125800,,1.1347664594650269,,,,
125900,,1.1350038051605225,,,,
126000,,1.1326837539672852,,,,
126100,,1.132718801498413,,,,
126200,,1.135009765625,,,,
126300,,1.1322726011276243,,,,
126400,,1.1325385570526123,,,,
126500,,1.1298043727874756,,,,
126600,,1.1307529211044312,,,,
126700,,1.1310704946517944,,,,
126800,,1.1322885751724243,,,,
126900,,1.1302214860916138,,,,
127000,,1.1299864053726196,,,,
127100,,1.1290690898895264,,,,
127200,,1.1316460371017456,,,,
127300,,1.131496548652649,,,,
127400,,1.1329413652420044,,,,
127500,,1.1332367658615112,,,,
127600,,1.133318305015564,,,,
127700,,1.1323617696762085,,,,
127800,,1.131478190422058,,,,
127900,,1.134088397026062,,,,
128000,,1.1344586610794067,,,,
128100,,1.135191798210144,,,,
128200,,1.1346404552459717,,,,
128300,,1.136366844177246,,,,
128400,,1.1347334384918213,,,,
128500,,1.1345041990280151,,,,
128600,,1.1339609622955322,,,,
128700,,1.134638786315918,,,,
128800,,1.1337183713912964,,,,
128900,,1.134190559387207,,,,
129000,,1.1365445852279663,,,,
129100,,1.1370782852172852,,,,
129200,,1.1381657123565674,,,,
129300,,1.140023112297058,,,,
129400,,1.1385602951049805,,,,
129500,,1.1370902061462402,,,,
129600,,1.1385622024536133,,,,
129700,,1.1391311883926392,,,,
129800,,1.141634225845337,,,,
129900,,1.140956163406372,,,,
130000,,1.1401604413986206,,,,
130100,,1.14262855052948,,,,
130200,,1.1417163610458374,,,,
130300,,1.143181562423706,,,,
130400,,1.1410950422286987,,,,
130500,,1.144372820854187,,,,
130600,,1.1471061706542969,,,,
130700,,1.1448994874954224,,,,
130800,,1.1448121070861816,,,,
130900,,1.1453343629837036,,,,
131000,,1.144004225730896,,,,
131100,,1.145987033843994,,,,
131200,,1.1476353406906128,,,,
131300,,1.1477351188659668,,,,
131400,,1.1484767198562622,,,,
131500,,1.1485852003097534,,,,
131600,,1.1513217687606812,,,,
131700,,1.1508060693740845,,,,
131800,,1.1515947580337524,,,,
131900,,1.1507216691970823,,,,
132000,,1.1500887870788574,,,,
132100,,1.149211883544922,,,,
132200,,1.1488795280456543,,,,
132300,,1.1490648984909058,,,,
132400,,1.1487829685211182,,,,
132500,,1.1500235795974731,,,,
132600,,1.1516023874282837,,,,
132700,,1.15531325340271,,,,
132800,,1.156100153923035,,,,
132900,,1.1569904088974,,,,
133000,,1.1568275690078735,,,,
133100,,1.1574748754501345,,,,
133200,,1.1561728715896606,,,,
133300,,1.1617549657821655,,,,
133400,,1.1607831716537476,,,,
133500,,1.160289287567139,,,,
133600,,1.1588064432144165,,,,
133700,,1.1567310094833374,,,,
133800,,1.1575977802276611,,,,
133900,,1.1579575538635254,,,,
134000,,1.1589899063110352,,,,
134100,,1.157641887664795,,,,
134200,,1.160069465637207,,,,
134300,,1.1592506170272827,,,,
134400,,1.1593722105026243,,,,
134500,,1.1605634689331057,,,,
134600,,1.1592901945114136,,,,
134700,,1.1589276790618896,,,,
134800,,1.160678148269653,,,,
134900,,1.1629718542099,,,,
135000,,1.1635435819625854,,,,
135100,,1.162574291229248,,,,
135200,,1.1622581481933594,,,,
135300,,1.1640149354934692,,,,
135400,,1.1649227142333984,,,,
135500,,1.1680419445037842,,,,
135600,,1.169115424156189,,,,
135700,,1.1712511777877808,,,,
135800,,1.168841004371643,,,,
135900,,1.167415976524353,,,,
136000,,1.1679953336715698,,,,
136100,,1.1697956323623655,,,,
136200,,1.1681413650512695,,,,
136300,,1.168113350868225,,,,
136400,,1.1670811176300049,,,,
136500,,1.1654409170150757,,,,
136600,,1.1629409790039062,,,,
136700,,1.162413477897644,,,,
136800,,1.161894679069519,,,,
136900,,1.1617481708526611,,,,
137000,,1.162416696548462,,,,
137100,,1.1613696813583374,,,,
137200,,1.159658908843994,,,,
137300,,1.159459948539734,,,,
137400,,1.1608145236968994,,,,
137500,,1.1605030298233032,,,,
137600,,1.1608275175094604,,,,
137700,,1.1617958545684814,,,,
137800,,1.162137150764465,,,,
137900,,1.1601394414901731,,,,
138000,,1.160755634307861,,,,
138100,,1.158910632133484,,,,
138200,,1.1574127674102783,,,,
138300,,1.1580064296722412,,,,
138400,,1.156598687171936,,,,
138500,,1.152535319328308,,,,
138600,,1.1519131660461426,,,,
138700,,1.1525143384933472,,,,
138800,,1.1513618230819702,,,,
138900,,1.1530662775039673,,,,
139000,,1.1545170545578003,,,,
139100,,1.1559056043624878,,,,
139200,,1.1549652814865112,,,,
139300,,1.1581395864486694,,,,
139400,,1.158191442489624,,,,
139500,,1.1588852405548096,,,,
139600,,1.159936785697937,,,,
139700,,1.1628789901733398,,,,
139800,,1.1643199920654297,,,,
139900,,1.1656633615493774,,,,
140000,,1.167598009109497,,,,
140100,,1.1667143106460571,,,,
140200,,1.1646889448165894,,,,
140300,,1.1636327505111694,,,,
140400,,1.1649576425552368,,,,
140500,,1.1625274419784546,,,,
140600,,1.1650457382202148,,,,
140700,,1.1647096872329712,,,,
140800,,1.165958285331726,,,,
140900,,1.1659740209579468,,,,
141000,,1.1642087697982788,,,,
141100,,1.1637938022613523,,,,
141200,,1.1639171838760376,,,,
141300,,1.1646108627319336,,,,
141400,,1.165363907814026,,,,
141500,,1.1647943258285522,,,,
141600,,1.1650913953781128,,,,
141700,,1.1617408990859983,,,,
141800,,1.1621997356414795,,,,
141900,,1.1595169305801392,,,,
142000,,1.1618413925170898,,,,
142100,,1.1613277196884155,,,,
142200,,1.1605077981948853,,,,
142300,,1.159502625465393,,,,
142400,,1.1619433164596558,,,,
142500,,1.1615842580795288,,,,
142600,,1.163061499595642,,,,
142700,,1.163321614265442,,,,
142800,,1.1658462285995483,,,,
142900,,1.1635184288024902,,,,
143000,,1.1636933088302612,,,,
143100,,1.1629772186279297,,,,
143200,,1.1634130477905271,,,,
143300,,1.1654406785964966,,,,
143400,,1.1655514240264893,,,,
143500,,1.166069746017456,,,,
143600,,1.1647850275039673,,,,
143700,,1.1642030477523804,,,,
143800,,1.166354775428772,,,,
143900,,1.1668014526367188,,,,
144000,,1.1677321195602417,,,,
144100,,1.1657994985580444,,,,
144200,,1.1680080890655518,,,,
144300,,1.1721715927124023,,,,
144400,,1.1716935634613037,,,,
144500,,1.1702768802642822,,,,
144600,,1.1710461378097534,,,,
144700,,1.1704583168029783,,,,
144800,,1.1699122190475464,,,,
144900,,1.1694984436035156,,,,
145000,,1.170847773551941,,,,
145100,,1.1700984239578247,,,,
145200,,1.1726188659667969,,,,
145300,,1.1716862916946411,,,,
145400,,1.1722230911254885,,,,
145500,,1.1715136766433716,,,,
145600,,1.1706985235214231,,,,
145700,,1.1723155975341797,,,,
145800,,1.176898717880249,,,,
145900,,1.1751365661621094,,,,
146000,,1.1757830381393433,,,,
146100,,1.18025004863739,,,,
146200,,1.1828930377960205,,,,
146300,,1.183552622795105,,,,
146400,,1.1835602521896362,,,,
146500,,1.184550642967224,,,,
146600,,1.1843410730361938,,,,
146700,,1.185703158378601,,,,
146800,,1.1853593587875366,,,,
