iter,KL_gt,ULA,dilation,tempering,diffusion,DAZ
0,0.008105369,3.7533496618270874,14.6127140045166,6.243596363067627,1.8008359670639038,1.686679327487946
500,0.007944981,1.2071901082992553,13.524634552001952,4.454110050201416,0.34491873979568477,0.33828278779983517
1000,0.007945138,1.2069506406784059,13.053468132019043,3.2207364559173586,0.1881691068410873,0.21086619198322293
1500,0.008232509,1.2070496797561645,12.639871215820312,2.4100414752960204,0.1282954007387161,0.1601075321435928
2000,0.007785016,1.2068769693374635,12.275016021728515,1.8771841287612916,0.08990702033042902,0.13314473032951352
2500,0.007330898,1.2072019100189209,11.863204193115234,1.5119815826416017,0.07427417486906049,0.11568409651517861
3000,0.009120206,1.2067397356033325,11.472949600219726,1.2380894899368287,0.05656021386384957,0.10343103408813473
3500,0.008490636,1.206547212600708,11.079803466796875,1.0153825998306274,0.04785941243171686,0.0930472075939178
4000,0.007821422,1.2067448139190673,10.667079544067382,0.850141179561615,0.04221311137080188,0.08774857819080348
4500,0.00742092,1.2070322275161742,10.266727066040039,0.7192846059799194,0.03800129666924472,0.06567374467849726
5000,0.008105369,1.2067131280899048,9.850724601745606,0.6155018329620361,0.0344377107918262,0.0565428771078586
5500,0.007944981,1.2063563346862793,9.473333168029786,0.5290439546108245,0.03109952360391612,0.053430536389350844
6000,0.007945138,1.2069757461547852,9.135550689697265,0.45640798211097716,0.028202116489410362,0.05186800509691236
6500,0.008232509,1.2068227052688598,8.780388641357423,0.38845986127853394,0.02468608543276782,0.04952912703156468
7000,0.007785016,1.2065074443817139,8.440662956237793,0.33845666646957395,0.02369301989674562,0.04557297378778454
7500,0.007330898,1.206529188156128,8.101106071472168,0.301289027929306,0.0232356041669845,0.0440831378102302
8000,0.009120206,1.2068153619766235,7.805856704711914,0.2660216271877288,0.023160003870725598,0.04114808738231654
8500,0.008490636,1.206416630744934,7.51514835357666,0.23592496216297149,0.021286459267139398,0.03872977495193478
9000,0.007821422,1.2068163633346558,7.238676643371582,0.20832212865352623,0.01989547088742254,0.03547685295343394
9500,0.00742092,1.2069548130035401,6.926079845428466,0.1841210454702377,0.02044896259903902,0.03365064896643158
10000,0.008105369,1.2063900709152222,6.65111665725708,0.1641587913036346,0.02044510915875432,0.03265860602259632
10500,0.007944981,1.2072760581970214,6.401743412017822,0.14620279073715206,0.019405853003263418,0.03293525427579876
11000,0.007945138,1.206825852394104,6.187680625915528,0.13199259042739864,0.01858856379985804,0.03214313834905618
11500,0.008232509,1.2068817138671875,6.03782024383545,0.11987615972757334,0.01871295347809784,0.030838701128959624
12000,0.007785016,1.2071012258529663,5.860831069946289,0.10728091597557063,0.017942495644092497,0.02897113785147664
12500,0.007330898,1.2068541049957275,5.748416519165039,0.09653706997632978,0.01696677356958384,0.029701690003275816
13000,0.009120206,1.2068686723709106,5.652725791931152,0.09544510692358013,0.01721914485096928,0.03113316670060154
13500,0.008490636,1.2068454504013062,5.57200927734375,0.0792734622955322,0.01748760566115374,0.02701700516045088
14000,0.007821422,1.206458854675293,5.554326343536377,0.07417200058698648,0.016766472160816122,0.028920550271868663
14500,0.00742092,1.2064643859863282,5.463298511505127,0.07101545035839077,0.0171757593750953,0.027379000931978197
15000,0.008105369,1.2071126699447632,5.390003681182861,0.06692920625209804,0.01684312000870702,0.026216715946793524
15500,0.007944981,1.206621026992798,5.377372455596924,0.061460369825363126,0.01638053432106964,0.02517142668366426
16000,0.007945138,1.206358551979065,5.411629104614258,0.057268492877483326,0.016165401786565742,0.02594128958880896
16500,0.008232509,1.2067600727081298,5.379616546630859,0.05237654447555538,0.01595255658030506,0.0232637848705053
17000,0.007785016,1.206755805015564,5.497158050537109,0.05206258893012994,0.01672678664326664,0.02419441863894458
17500,0.007330898,1.2068569660186768,5.515799427032471,0.04997827559709544,0.016157872974872558,0.023938187956809957
18000,0.009120206,1.2067469835281373,5.551393508911133,0.04496579766273494,0.015258032828569362,0.02300591655075546
18500,0.008490636,1.2067380666732788,5.613801288604736,0.043993167579174,0.01613689810037608,0.022778709977865158
19000,0.007821422,1.206236219406128,5.667098045349121,0.04256973266601558,0.01628784313797946,0.02236917242407794
19500,0.00742092,1.2068443059921266,5.838064670562744,0.041231197118759125,0.01606309264898294,0.02185966894030566
20000,0.008105369,1.2067723989486694,6.012217426300049,0.039898280799388855,0.01652050763368602,0.020308296754956177
20500,0.007944981,1.2066721200942994,6.076954746246338,0.03752740621566768,0.01572713851928704,0.02397919297218318
21000,0.007945138,1.20671706199646,6.246000099182129,0.0373790636658668,0.016636668145656543,0.02021580338478084
21500,0.008232509,1.2067334651947021,6.4131800651550295,0.036485695838928175,0.01631046012043948,0.02048890292644498
22000,0.007785016,1.2070550203323365,6.61036958694458,0.03488917201757426,0.01574171110987658,0.01942142173647876
22500,0.007330898,1.2066422939300536,6.745234584808349,0.03392384946346278,0.01566454172134394,0.020315526053309402
23000,0.009120206,1.2064780950546266,6.892050075531006,0.03329270333051678,0.015427427738904898,0.020040252804756138
23500,0.008490636,1.2065872430801392,6.9354626655578615,0.03327610492706294,0.0156610012054443,0.02036943025887008
24000,0.007821422,1.2064871788024902,7.059121417999267,0.03339813649654384,0.015339643508195822,0.019048016145825318
24500,0.00742092,1.2066579341888428,7.2195611000061035,0.0320060238242149,0.01600134521722788,0.0181228712201118
25000,0.008105369,1.2067953109741212,7.369561290740966,0.03139795362949366,0.015505701303482,0.01811177581548684
25500,0.007944981,1.206989336013794,7.446621894836426,0.03009202033281322,0.01483130380511278,0.01935036256909366
26000,0.007945138,1.2066587209701538,7.571070957183838,0.030849093198776177,0.015199087560176818,0.019515012204647
26500,0.008232509,1.2067344188690186,7.6726984024047855,0.02990048825740808,0.0149829916656017,0.017163904011249502
27000,0.007785016,1.2071164846420288,7.739053630828858,0.029490873217582658,0.015325618535280161,0.01724921911954876
27500,0.007330898,1.2069714069366455,7.762886238098145,0.02953331172466272,0.01578777432441708,0.017289101332426022
28000,0.009120206,1.2066594123840333,7.7011305809021,0.030281451344490017,0.015075302124023379,0.01589864492416378
28500,0.008490636,1.2069782733917236,7.546992301940918,0.02879290133714672,0.01542861238121982,0.01714916154742236
29000,0.007821422,1.2071914196014404,7.569893646240234,0.028868792951106982,0.01619140580296512,0.0175429500639438
29500,0.00742092,1.2068418741226197,7.517536640167236,0.02829802781343454,0.01586629003286354,0.0154708851128816
30000,0.008105369,1.2069079637527467,7.387317752838134,0.0285374835133552,0.01552302911877626,0.01536232717335218
30500,0.007944981,1.2069839000701905,7.283162403106689,0.02872562706470484,0.014616424590349139,0.0145157895982265
31000,0.007945138,1.206677532196045,7.162153625488282,0.028269359469413717,0.0150851465761661,0.01517014056444162
31500,0.008232509,1.2065624713897705,7.044174480438232,0.028104659914970343,0.015686472505331,0.01423239596188064
32000,0.007785016,1.2066586494445801,6.872743034362793,0.028275452554225877,0.01470372825860972,0.014880062639713221
32500,0.007330898,1.2062425851821899,6.6357800483703615,0.028729443252086602,0.01564180180430406,0.01314839832484716
33000,0.009120206,1.2071350336074829,6.46399621963501,0.027715337276458703,0.015736066550016338,0.014869141206145239
33500,0.008490636,1.2068087100982665,6.206483364105225,0.028081764280796,0.01504927128553384,0.01491942666471
34000,0.007821422,1.2068877458572387,6.002589893341065,0.0288197204470634,0.01455437615513798,0.0138473335653543
34500,0.00742092,1.2066886663436889,5.772747993469238,0.02772385776042934,0.01573973745107644,0.013986988738179159
35000,0.008105369,1.2073760271072387,5.559755325317383,0.0286344707012176,0.01536439731717106,0.013302579894661859
35500,0.007944981,1.2070709466934204,5.303302955627442,0.0280155792832374,0.015395239740610082,0.01320583112537856
36000,0.007945138,1.2066455125808715,5.058223247528076,0.028278365731239256,0.01604307591915128,0.014116349443793242
36500,0.008232509,1.206542730331421,4.840050125122071,0.0278691098093986,0.01424476429820056,0.01192498020827764
37000,0.007785016,1.2066349506378173,4.639618682861328,0.02793780565261838,0.01559667214751238,0.01340708881616586
37500,0.007330898,1.2067729711532593,4.410608100891113,0.028285674750804863,0.01482137590646738,0.0129936277866363
38000,0.009120206,1.2067583799362183,4.178093338012696,0.02741863727569576,0.01561860665678974,0.01269244924187656
38500,0.008490636,1.2066943883895873,3.973703956604004,0.02741013169288632,0.01492292881011958,0.013086413964629121
39000,0.007821422,1.2069326877593993,3.7134870052337647,0.027707324922084758,0.01561955213546748,0.0119420234113931
39500,0.00742092,1.2064337253570556,3.5478710174560546,0.0279085740447044,0.015173710882663661,0.013294490799307782
40000,0.008105369,1.2068563938140868,3.3629570484161375,0.027468827366828864,0.0155827812850475,0.01254033856093878
40500,0.007944981,1.2065550088882446,3.129753589630127,0.02741750925779336,0.01508832275867456,0.01166837848722932
41000,0.007945138,1.206947636604309,2.9686283111572265,0.02711374014616008,0.0152432441711425,0.01156475543975826
41500,0.008232509,1.2067234754562377,2.756964921951294,0.02757779061794276,0.014790498465299558,0.01188189238309854
42000,0.007785016,1.2065324068069458,2.591261625289917,0.027002333104610383,0.01590399295091624,0.011085227131843501
42500,0.007330898,1.2066672801971436,2.4488079071044924,0.027660901844501463,0.015175990015268282,0.01108088642358774
43000,0.009120206,1.20686194896698,2.286397838592529,0.027647808194160416,0.01452013775706284,0.01120504029095168
43500,0.008490636,1.2067407608032226,2.137452411651611,0.027553297579288438,0.0147374086081981,0.01149277724325652
44000,0.007821422,1.2064094305038453,2.0185276746749876,0.0272336974740028,0.01473039090633386,0.01265988834202284
44500,0.00742092,1.206588053703308,1.8869039058685302,0.02728106528520578,0.014191830903291642,0.01147928908467288
45000,0.008105369,1.2070146083831788,1.7491432905197144,0.02772255241870874,0.0147601813077926,0.0113354187458753
45500,0.007944981,1.2069782257080077,1.6301576852798463,0.027578105032443963,0.0151389010250568,0.010893204063177061
46000,0.007945138,1.2065340995788574,1.5193063735961914,0.02765025645494456,0.015244824439287161,0.01117967851459976
46500,0.008232509,1.2067182302474975,1.4054419994354248,0.027025151252746543,0.01467796266078944,0.0114296201616525
47000,0.007785016,1.2067685842514038,1.3169679641723633,0.027458877861499743,0.01469198241829866,0.01077600233256814
47500,0.007330898,1.2064308881759644,1.2272772789001465,0.028560274839401177,0.014705474674701641,0.01137457937002176
48000,0.009120206,1.206881546974182,1.138706660270691,0.02860119789838786,0.01576450243592256,0.01080411449074738
48500,0.008490636,1.207017183303833,1.0730798482894897,0.02729028612375254,0.01484571471810334,0.010904955863952601
49000,0.007821422,1.2068063020706177,0.9802420258522033,0.0283302024006843,0.015255901217460599,0.01078585907816884
49500,0.00742092,1.2068889379501342,0.9176953434944153,0.02764841765165324,0.014869713038206039,0.01028052121400826
50000,0.008105369,1.2071085214614867,0.8606720924377441,0.027123826742172202,0.015333242714405022,0.011195147037506039
50500,0.007944981,1.207113552093506,0.7912906408309937,0.028017294406890842,0.01559356600046154,0.01046000868082042
51000,0.007945138,1.206947922706604,0.7435891032218933,0.02800389081239696,0.0150698713958263,0.01060163974761956
51500,0.008232509,1.2067973613739014,0.6946158647537232,0.027527719736099198,0.015044990926980958,0.01049378141760822
52000,0.007785016,1.2071603059768676,0.6433692097663879,0.027204467356204957,0.014998363703489259,0.01035577803850168
52500,0.007330898,1.206756329536438,0.6067476391792297,0.027757129073142962,0.01464163511991498,0.010994563251733699
53000,0.009120206,1.2063854932785034,0.5632105708122254,0.02796120494604106,0.014747539907693799,0.011511797830462401
53500,0.008490636,1.2066536664962768,0.5217496991157532,0.026941305398941,0.015361144393682441,0.00953100472688672
54000,0.007821422,1.2067124843597412,0.493164724111557,0.027721600234508443,0.01501326784491536,0.00981611460447306
54500,0.00742092,1.2069052934646607,0.4584532082080841,0.02775854915380472,0.0151967801153659,0.0104055948555469
55000,0.008105369,1.207338070869446,0.43202718496322634,0.02761711180210108,0.0149153128266334,0.01029514819383618
55500,0.007944981,1.206513476371765,0.4050169110298157,0.02781346887350078,0.014761592447757679,0.01051784679293628
56000,0.007945138,1.2067816972732544,0.38305994868278503,0.027414824068546263,0.0149749897420406,0.010743692144751479
56500,0.008232509,1.206825613975525,0.3587156116962433,0.02714496999979014,0.015361228585243181,0.0098849210888147
57000,0.007785016,1.2068320274353028,0.3483005344867706,0.02859169691801066,0.015342967957258157,0.00998753197491164
57500,0.007330898,1.2070608377456664,0.32497781515121454,0.02745475023984904,0.0153530322015285,0.010473097488284061
58000,0.009120206,1.2066811800003052,0.3087668597698211,0.02705624401569362,0.0148347064852714,0.011490869149565661
58500,0.008490636,1.206624412536621,0.29177786111831666,0.027885687351226762,0.015002149343490558,0.01039541438221928
59000,0.007821422,1.206504464149475,0.2793085873126983,0.0271642535924911,0.01466439962387078,0.0100152768194675
59500,0.00742092,1.2070985555648803,0.2678376793861389,0.027266523241996698,0.01523339003324504,0.010036473721265721
60000,0.008105369,1.2068719148635865,0.2536779433488846,0.02683224529027934,0.014658148586749959,0.01007241122424596
60500,0.007944981,1.2068500995635987,0.24762417078018184,0.02769969999790186,0.01544368192553514,0.0111087411642074
61000,0.007945138,1.2065401792526245,0.2436939924955368,0.0275325015187263,0.01516335159540172,0.01040166988968846
61500,0.008232509,1.2062374353408813,0.23174801170825954,0.02725766301155084,0.014846532791852902,0.01064752936363216
62000,0.007785016,1.2068192958831787,0.2252519577741623,0.02764189094305034,0.01499918997287746,0.0106074400246143
62500,0.007330898,1.2070417404174805,0.2166277706623077,0.028383091092109642,0.01464238166809076,0.0104093179106712
63000,0.009120206,1.2071280241012574,0.21071683466434474,0.026565794646739922,0.01552650481462474,0.0094051714986562
63500,0.008490636,1.2064979076385498,0.2043798297643661,0.028203164041042277,0.0151776626706123,0.01034841425716872
64000,0.007821422,1.2071627855300904,0.20264041423797602,0.02727254629135124,0.0154634423553943,0.01037805713713162
64500,0.00742092,1.2063427925109864,0.1939728826284408,0.027234742045402483,0.0149838656187057,0.010350314900279
65000,0.008105369,1.2066531419754027,0.19144512116909024,0.02747370749711984,0.014807458966970399,0.00964944846928116
65500,0.007944981,1.2070053577423097,0.18889214992523193,0.026933370530605284,0.01490210890769956,0.00964235775172706
66000,0.007945138,1.2069702625274659,0.18647317886352535,0.028013275563716838,0.01563593670725818,0.00988583490252492
66500,0.008232509,1.2066090822219848,0.18234885632991787,0.027966116368770562,0.015192619711160621,0.00998681895434852
67000,0.007785016,1.2066926956176758,0.17939329147338862,0.027260641753673497,0.01479645594954486,0.0098873525857925
67500,0.007330898,1.2068135499954225,0.1765212714672088,0.02671141177415844,0.015114992856979339,0.01068329922854896
68000,0.009120206,1.2062479734420777,0.17451833486557003,0.028103528916835742,0.015157493203878358,0.01189089305698866
68500,0.008490636,1.2068375110626222,0.17366237044334407,0.02797376513481136,0.015260410308837841,0.01012096591293808
69000,0.007821422,1.207098698616028,0.17106506824493403,0.0276145547628402,0.01559200212359422,0.01106263548135754
69500,0.00742092,1.2068004131317138,0.1685815423727035,0.027952566742897,0.0149088360369205,0.00994708128273482
70000,0.008105369,1.206755805015564,0.16805081069469446,0.02732256203889844,0.015133378654718341,0.01042536236345764
70500,0.007944981,1.2064431667327882,0.16706828176975247,0.02773591130971902,0.01526565924286836,0.011055500432848881
71000,0.007945138,1.2069198369979859,0.16735883653163905,0.02668753564357752,0.014679618179798098,0.00982178710401054
71500,0.008232509,1.2067769050598145,0.16570441722869872,0.027108381688594762,0.01561641693115228,0.01105917543172832
72000,0.007785016,1.2064160585403443,0.1645529985427856,0.02733700275421136,0.0153840966522693,0.01047067046165462
72500,0.007330898,1.2065943956375123,0.16386640965938565,0.027520340681076,0.014968033134937239,0.01008027121424672
73000,0.009120206,1.2064720869064331,0.16423970460891718,0.02733285725116726,0.01562073528766628,0.00986390411853788
73500,0.008490636,1.2067266702651975,0.1629317075014114,0.027488827705383263,0.01540953367948528,0.01005061417818064
74000,0.007821422,1.2064651250839233,0.1613460004329681,0.027752065658569282,0.015111569315195039,0.01087464205920692
74500,0.00742092,1.2066427230834962,0.16141694486141203,0.02831557542085642,0.014929101616144119,0.01003840118646618
75000,0.008105369,1.2070461511611938,0.160857543349266,0.02772164344787592,0.0154737994074821,0.01022173613309854
75500,0.007944981,1.2070526123046874,0.1600801080465316,0.02781053781509394,0.01570407152175898,0.010871770977973899
76000,0.007945138,1.2069085597991944,0.15889418125152582,0.02738740742206568,0.01569349989295002,0.010064550116658159
76500,0.008232509,1.2064178466796875,0.15872085690498347,0.027467292547225918,0.015218543261289541,0.00961940176784986
77000,0.007785016,1.2067851543426513,0.1597982287406921,0.02761560380458828,0.015237252414226498,0.01030374243855472
77500,0.007330898,1.2068878412246704,0.15875246524810788,0.027318970859050717,0.0157833710312843,0.0097916312515735
78000,0.009120206,1.206731629371643,0.15913257896900174,0.027383647859096482,0.01530108079314226,0.00998246595263476
78500,0.008490636,1.2067177772521973,0.15843621790409085,0.0273579224944114,0.015346597880125021,0.01017535589635366
79000,0.007821422,1.2066574096679688,0.15881838202476498,0.02747103571891778,0.015069559216499278,0.01056558750569818
79500,0.00742092,1.2066968202590942,0.1579529523849487,0.027394981682300517,0.015003783255815459,0.01027373373508448
80000,0.008105369,1.2068946599960326,0.15934430658817286,0.02719074934720988,0.015595341473817761,0.01017025299370282
80500,0.007944981,1.20668683052063,0.15832444429397577,0.0284656092524528,0.01530221179127686,0.00972407348453996
81000,0.007945138,1.2066406726837158,0.15930762887001032,0.02814388722181314,0.01535554006695744,0.010040283948183
81500,0.008232509,1.206968116760254,0.15939076840877528,0.027867414057254757,0.014141124486923179,0.00980097763240334
82000,0.007785016,1.2070287942886353,0.1581508338451385,0.02713606059551236,0.01537061929702752,0.00895599424839014
82500,0.007330898,1.2066801548004151,0.15874827504158015,0.027981695532798716,0.015977537631988482,0.00916598774492736
83000,0.009120206,1.2067018508911134,0.157620096206665,0.027275682985782562,0.01601223126053804,0.01036893203854558
83500,0.008490636,1.206389021873474,0.15826283395290372,0.0277167290449142,0.014754563570022519,0.01031814105808728
84000,0.007821422,1.2066776990890502,0.15805823802947996,0.027729851007461503,0.016342378407716702,0.01049207597970956
84500,0.00742092,1.2067540168762207,0.15898036062717433,0.02748134881258004,0.01485732942819588,0.00982509776949878
85000,0.008105369,1.2068589448928833,0.15801256299018857,0.02792038619518274,0.01552772670984262,0.01015220209956164
85500,0.007944981,1.207149362564087,0.15871259272098537,0.02719064652919766,0.0141699090600013,0.009551763907074861
86000,0.007945138,1.2071757078170777,0.1583388060331344,0.027299986779689738,,0.01005100272595876
86500,0.008232509,1.2065993309020997,0.15846268534660338,0.027532795071601817,,0.01024317704141134
87000,0.007785016,1.2066555976867677,0.15804271101951595,0.02718426734209054,,0.009706107154488521
87500,0.007330898,1.2066540241241455,0.15847044587135312,0.027895762026309938,,0.01031855419278138
88000,0.009120206,1.206844449043274,0.15823872983455656,0.02750278860330576,,0.00954499244689934
88500,0.008490636,1.2068445444107057,0.1582697838544845,0.02839226871728894,,0.01008813530206676
89000,0.007821422,1.2066380500793457,0.1579199790954589,0.027488656342029523,,0.0099475927650928
89500,0.00742092,1.2067617416381835,0.15831397771835323,0.02713271528482434,,0.00978906676173206
90000,0.008105369,1.2066952228546142,0.15833433568477628,0.027722479403018918,,0.01079915352165696
90500,0.007944981,1.2068125247955321,0.15805485844612116,0.027128398418426503,,0.01131004802882666
91000,0.007945138,1.2066282033920288,0.15879108011722565,0.0280515938997268,,0.01018608622252936
91500,0.008232509,1.2069857597351075,0.15881067216396327,0.02788413763046258,,0.0096368588507175
92000,0.007785016,1.2063239812850952,0.15868448019027706,0.02808216214179988,,0.01028971634805198
92500,0.007330898,1.2066014289855957,0.15872126221656796,0.027806374430656377,,0.01005084253847594
93000,0.009120206,1.2069022893905639,0.15875718593597407,0.0270213365554809,,0.010416636615991539
93500,0.008490636,1.2063738584518433,0.15879097878932952,0.02795270085334774,,0.0096334639936685
94000,0.007821422,1.2063085556030273,0.1580224841833114,0.027544967830181077,,0.010235633328556959
94500,0.00742092,1.2071282863616943,0.15866231918334958,0.0273143127560615,,0.01020933091640468
95000,0.008105369,1.2069327354431152,0.1590177208185196,0.027706070244312243,,0.010354569554328879
95500,0.007944981,1.206881618499756,0.15957632064819333,0.027984170615673022,,0.01012637764215466
96000,0.007945138,1.206564688682556,0.1590180933475494,0.02837862074375148,,0.00901389904320234
96500,0.008232509,1.206679606437683,0.158962994813919,0.027898927032947503,,0.01074714437127108
97000,0.007785016,1.2067502737045288,0.1581356346607208,0.02794599384069436,,0.01020438559353346
97500,0.007330898,1.2067847967147827,0.1597050160169601,0.0276061818003654,,0.01038507334887974
98000,0.009120206,1.2066007852554321,0.1588128328323364,0.02683896273374552,,0.00983006320893762
98500,0.008490636,1.2068335294723511,0.15881742537021634,0.027692373096942856,,0.00973780192434782
99000,0.007821422,1.2068618059158325,0.15844984650611876,0.02819769829511638,,0.009943420067429501
99500,0.00742092,1.2070333242416382,0.15881168544292448,0.02755167335271828,,0.0101198118180036
100000,0.008105369,1.2071368217468261,0.15853433609008785,0.02814346700906748,,0.0102281808853149
100500,0.007944981,1.2065971136093139,0.158846765756607,0.02725313901901242,,0.009943958371877639
101000,0.007945138,1.207133984565735,0.15894919037818905,0.02846230119466776,,0.00987972281873222
101500,0.008232509,1.2066909790039062,0.1587212353944778,0.028101934492588,,0.010146621242165501
102000,0.007785016,1.2069067716598512,0.15883989930152892,0.027201624214649122,,0.010567633062601039
102500,0.007330898,1.2069897174835205,0.15879752933979033,0.02687997370958322,,0.00944009758532044
103000,0.009120206,1.2072043418884277,0.15927094221115107,0.02712419927120206,,0.0101310890167951
103500,0.008490636,1.2067408323287965,0.15959264338016507,0.02757614701986308,,0.01077504642307754
104000,0.007821422,1.2063402891159059,0.15920127928256983,0.027457328140735583,,0.01028989106416698
104500,0.00742092,1.2066737174987794,0.1589587330818176,0.027491912245750382,,0.011136233061552
105000,0.008105369,1.206610345840454,0.15946795046329493,0.02824423760175702,,0.010358982160687421
105500,0.007944981,1.2068126678466795,0.1595690101385116,0.02753621339797968,,0.00899183191359038
106000,0.007945138,1.2067373991012573,0.15999985039234157,0.02744912952184672,,0.01041190251708026
106500,0.008232509,1.2065931797027587,0.1590993165969848,0.027246196568012183,,0.0094628561288118
107000,0.007785016,1.2066746950149536,0.15965651273727416,0.027000072598457298,,0.009658947959542242
107500,0.007330898,1.2068468093872071,0.15916365683078762,0.027323357760906157,,0.01110877208411688
108000,0.009120206,1.206600832939148,0.15979564189910886,0.026731744408607417,,0.01010837182402608
108500,0.008490636,1.206988477706909,0.15961260795593257,0.02690411806106564,,0.010222278907895042
109000,0.007821422,1.2066972494125365,0.1596496522426605,0.026770934462547257,,0.00969981588423248
109500,0.00742092,1.2069236278533935,0.159270367026329,0.02715635448694224,,0.0097984947264194
110000,0.008105369,1.2063397407531737,0.15890469849109645,0.02773301303386682,,0.0098509974777698
110500,0.007944981,1.2067637205123902,0.16045252978801722,0.0279517531394958,,0.010153628885745941
111000,0.007945138,1.2065539836883545,0.1588698327541351,0.027412353456020323,,0.00997316837310786
111500,0.008232509,1.2071203708648681,0.15899519920349117,0.0270928934216499,,0.009993128105998
112000,0.007785016,1.2068690538406373,0.1589988678693771,0.02786032408475874,,0.00963497757911678
112500,0.007330898,1.2067171812057496,0.1597340732812881,0.0274992853403091,,0.010417851060628841
113000,0.009120206,1.206533145904541,0.15938584506511685,0.02759641706943506,,0.01007121726870534
113500,0.008490636,1.2070701837539672,0.15962417721748348,0.02686905264854426,,0.0105602856725454
114000,0.007821422,1.2066601753234862,0.15941111147403714,0.02743717133998868,,0.010577449202537479
114500,0.00742092,1.2066451072692872,0.15934412479400634,0.027865326404571476,,0.009862433001399
115000,0.008105369,1.2069900751113891,0.1595188826322555,0.027342443168163238,,0.009307759627699799
115500,0.007944981,1.2069267272949218,0.1595882564783096,0.0267791301012039,,0.010849890857934901
116000,0.007945138,1.2070948839187623,0.15958845019340512,0.02727303653955458,,0.00992241278290742
116500,0.008232509,1.2068612098693847,0.15969684123992917,0.02742690145969388,,0.00999788157641884
117000,0.007785016,1.206798529624939,0.15957432389259335,0.02715038806200022,,0.01008851714432234
117500,0.007330898,1.2065136909484862,0.1595532655715942,0.026848685741424523,,0.01020543873310082
118000,0.009120206,1.20701265335083,0.1606908023357391,0.02740429490804668,,0.010505448281764921
118500,0.008490636,1.2072118043899536,0.15938355624675749,0.02702524363994596,,0.0103541854768991
119000,0.007821422,1.2070806264877318,0.1597884207963943,0.027899385988712277,,0.01006008945405478
119500,0.00742092,1.2064584255218507,0.15969065725803372,0.027407249808311402,,0.009340401366353
120000,0.008105369,1.2067964553833008,0.15913447439670558,0.02747984379529948,,0.01021673083305354
120500,0.007944981,1.2070008277893067,0.15949032008647915,0.02785782068967812,,0.01025218144059175
121000,0.007945138,1.2068214893341065,0.1602151751518249,0.02781285345554348,,
121500,0.008232509,1.2067509651184083,0.15948912799358364,0.02790639400482172,,
122000,0.007785016,1.2066445350646973,0.15976562201976774,0.02666067034006116,,
122500,0.007330898,1.20657217502594,0.16009427011013028,0.02740353345870966,,
123000,0.009120206,1.2066170692443847,0.1602241158485412,0.02769828438758844,,
123500,0.008490636,1.2068737268447876,0.1592925757169723,0.02776774913072582,,
124000,0.007821422,1.2065220832824708,0.15973303616046902,0.027504365146160097,,
124500,0.00742092,1.2070216894149781,0.16028978526592252,0.02793865054845804,,
125000,0.008105369,1.2068866729736327,0.16031946241855616,0.0281697697937488,,
125500,0.007944981,1.2065913200378418,0.16005965173244474,,,
126000,0.007945138,1.2066233158111572,0.15993165373802182,,,
126500,0.008232509,1.2065263509750366,0.16022438406944273,,,
127000,0.007785016,1.206980562210083,0.16067128777503967,,,
127500,0.007330898,1.206448221206665,0.15995408892631527,,,
128000,0.009120206,1.2068959712982177,0.16052589416503904,,,
128500,0.008490636,1.2070563316345215,0.1600825190544128,,,
129000,0.007821422,1.2068037271499634,0.15998204350471493,,,
129500,0.00742092,1.2065090179443358,0.16004412472248075,,,
130000,0.008105369,1.2067635774612426,0.16009880006313318,,,
130500,0.007944981,1.2067496061325074,0.16021290421485895,,,
131000,0.007945138,1.206750178337097,0.16075141727924344,,,
131500,0.008232509,1.2064249515533447,0.1604548782110214,,,
132000,0.007785016,1.2068947076797485,0.1600642621517181,,,
132500,0.007330898,1.20668203830719,0.16083500981330867,,,
133000,0.009120206,1.2072866439819336,0.16065062284469603,,,
133500,0.008490636,1.2064614057540894,0.16008864939212794,,,
134000,0.007821422,1.2064769506454467,0.16055990457534783,,,
134500,0.00742092,1.2064135074615479,0.16016046106815335,,,
135000,,,0.16024569571018216,,,
135500,,,0.1605364918708801,,,
136000,,,0.1607282370328903,,,
136500,,,0.1605623185634613,,,
137000,,,0.1605164617300033,,,
137500,,,0.1604639112949371,,,
138000,,,0.15982624292373654,,,
138500,,,0.16042658686637873,,,
139000,,,0.1610363513231277,,,
139500,,,0.1603448629379272,,,
140000,,,0.16019436419010158,,,
140500,,,0.1596601694822311,,,
141000,,,0.1604299962520599,,,
141500,,,0.15988970398902888,,,
142000,,,0.16014404296874996,,,
142500,,,0.15941007137298582,,,
143000,,,0.15996877849102015,,,
143500,,,0.16045294404029842,,,
144000,,,0.15978210866451262,,,
144500,,,0.16007906496524807,,,
145000,,,0.16103969812393187,,,
145500,,,0.1598390489816665,,,
146000,,,0.1606121808290481,,,
146500,,,0.15988310575485226,,,
147000,,,0.16024534702301022,,,
147500,,,0.16026488840579983,,,
148000,,,0.16026196181774136,,,
148500,,,0.15971599817275997,,,
149000,,,0.1605995506048202,,,
149500,,,0.16054644286632533,,,
150000,,,0.16062552630901333,,,
150500,,,0.15966572165489193,,,
151000,,,0.16046792566776272,,,
151500,,,0.16034321486949915,,,
152000,,,0.16045262515544886,,,
152500,,,0.1610354393720627,,,
153000,,,0.16021638810634609,,,
153500,,,0.16034066081047055,,,
154000,,,0.1596649646759033,,,
154500,,,0.16022641360759732,,,
155000,,,0.16088874042034146,,,
155500,,,0.16052689850330348,,,
156000,,,0.1600085318088531,,,
156500,,,0.1605213105678558,,,
157000,,,0.160423868894577,,,
157500,,,0.15971248149871825,,,
158000,,,0.15983705222606653,,,
158500,,,0.1613448411226272,,,
159000,,,0.15985424220561978,,,
159500,,,0.16070476770400996,,,
160000,,,0.16024737954139706,,,
160500,,,0.16075639426708216,,,
161000,,,0.16044440567493437,,,
161500,,,0.16048012971878045,,,
162000,,,0.16079001426696773,,,
162500,,,0.1600294113159179,,,
163000,,,0.1611422777175903,,,
163500,,,0.16036088466644283,,,
164000,,,0.159818497300148,,,
164500,,,0.16057895123958585,,,
165000,,,0.16066400110721585,,,
165500,,,0.16067968308925623,,,
166000,,,0.1602495670318603,,,
166500,,,0.15991324484348296,,,
167000,,,0.16057500243186948,,,
167500,,,0.1613175123929977,,,
168000,,,0.16140080690383907,,,
168500,,,0.16100768148899075,,,
169000,,,0.1607675045728683,,,
169500,,,0.16047861278057093,,,
170000,,,0.1603726297616958,,,
170500,,,0.16056739687919613,,,
171000,,,0.16116562187671657,,,
171500,,,0.16086767017841336,,,
172000,,,0.16085567772388454,,,
172500,,,0.1607034802436828,,,
173000,,,0.1608797967433929,,,
173500,,,0.16073325872421262,,,
174000,,,0.16111246347427366,,,
174500,,,0.16044547259807584,,,
175000,,,0.16078988909721373,,,
175500,,,0.16025809347629544,,,
176000,,,0.1596628626187642,,,
