iter,diffusion,ULA,tempering,dilation,DAZ
0,0.0,0.0,0.0,0.0,0.0
1,0.98930085,0.0011111113,0.27805158,1.1111102e-05,0.99
2,0.9904224,0.0022222225,0.2792408,2.2344393e-05,0.99110013
3,0.9915439,0.0033333339,0.280429,3.3701264e-05,0.9922004
4,0.99266523,0.004444445,0.28161624,4.5182976e-05,0.99330074
5,0.99378645,0.005555556,0.28280252,5.679098e-05,0.9944012
6,0.99490756,0.0066666678,0.28398785,6.8526606e-05,0.9955018
7,0.99602854,0.007777779,0.28517225,8.039124e-05,0.9966025
8,0.9971494,0.00888889,0.28635573,9.238628e-05,0.99770325
9,0.9982702,0.010000002,0.28753832,0.00010451318,0.99880415
11,1.0005115,0.012222224,0.2899008,0.00012916818,1.0010064
12,1.001632,0.0133333355,0.29108074,0.0001416992,1.0021076
13,1.0027523,0.014444446,0.2922598,0.00015436784,1.003209
14,1.0038725,0.015555558,0.29343805,0.00016717569,1.0043105
15,1.0049927,0.01666667,0.29461545,0.0001801242,1.0054121
16,1.0061128,0.01777778,0.295792,0.0001932149,1.0065137
17,1.0072328,0.01888889,0.29696777,0.00020644932,1.0076154
18,1.0083526,0.020000003,0.29814273,0.00021982905,1.0087173
19,1.0094724,0.021111114,0.2993169,0.00023335566,1.0098193
21,1.0117116,0.023333337,0.30166295,0.0002608558,1.0120236
22,1.0128311,0.024444448,0.30283484,0.00027483256,1.0131259
23,1.0139505,0.025555559,0.30400598,0.0002889627,1.0142282
24,1.0150697,0.026666671,0.30517638,0.00030324783,1.0153307
25,1.0161889,0.027777782,0.30634606,0.00031768964,1.0164332
26,1.017308,0.028888892,0.30751503,0.0003322898,1.0175359
27,1.018427,0.030000003,0.30868328,0.00034704997,1.0186387
28,1.0195459,0.031111116,0.3098508,0.000361972,1.0197415
29,1.0206648,0.032222226,0.31101766,0.0003770576,1.0208445
31,1.0229023,0.034444448,0.31334937,0.00040772665,1.0230507
32,1.0240208,0.03555556,0.31451422,0.00042331358,1.0241538
33,1.0251393,0.036666673,0.31567842,0.00043907127,1.0252571
34,1.0262578,0.03777778,0.316842,0.00045500154,1.0263605
35,1.027376,0.038888894,0.3180049,0.00047110626,1.0274639
36,1.0284944,0.040000007,0.3191672,0.00048738735,1.0285674
37,1.0296125,0.041111115,0.32032886,0.0005038467,1.0296711
38,1.0307306,0.042222228,0.32148993,0.00052048615,1.0307748
39,1.0318487,0.04333334,0.3226504,0.0005373077,1.0318786
41,1.0340844,0.04555556,0.32496956,0.00057150505,1.0340865
42,1.0352023,0.046666674,0.32612827,0.00058888475,1.0351905
43,1.03632,0.047777783,0.32728642,0.00060645456,1.0362946
44,1.0374376,0.048888896,0.328444,0.0006242165,1.0373987
45,1.0385551,0.05000001,0.32960102,0.0006421726,1.0385029
46,1.0396726,0.051111117,0.3307575,0.00066032493,1.0396073
47,1.0407901,0.05222223,0.3319134,0.00067867566,1.0407116
48,1.0419074,0.053333342,0.3330688,0.0006972269,1.0418161
49,1.0430248,0.05444445,0.33422366,0.0007159808,1.0429207
51,1.0452591,0.056666672,0.33653182,0.00075410533,1.04513
52,1.0463762,0.057777785,0.33768514,0.0007734804,1.0462347
53,1.0474932,0.058888897,0.33883795,0.0007930669,1.0473396
54,1.0486102,0.060000006,0.33999026,0.00081286725,1.0484445
55,1.0497271,0.06111112,0.3411421,0.0008328837,1.0495495
56,1.050844,0.06222223,0.34229344,0.0008531184,1.0506545
57,1.0519607,0.06333334,0.34344432,0.00087357394,1.0517596
58,1.0530775,0.06444445,0.34459472,0.0008942525,1.0528648
59,1.0541941,0.065555565,0.34574464,0.0009151565,1.05397
60,1.0553107,0.06666668,0.34689412,0.0009362884,1.0550753
62,1.0575436,0.068888895,0.34919173,0.0009792455,1.057286
63,1.05866,0.07000001,0.35033986,0.0010010757,1.0583915
64,1.0597764,0.07111112,0.35148755,0.0010231438,1.059497
65,1.0608927,0.07222223,0.35263482,0.0010454521,1.0606027
66,1.062009,0.073333345,0.35378164,0.0010680032,1.0617083
67,1.0631251,0.07444445,0.35492805,0.0010907999,1.0628141
68,1.0642413,0.07555556,0.35607404,0.0011138446,1.0639199
69,1.0653573,0.076666676,0.35721964,0.00113714,1.0650258
70,1.0664734,0.07777779,0.35836482,0.0011606888,1.0661317
72,1.0687052,0.08000001,0.360654,0.0012085574,1.0683436
73,1.069821,0.08111112,0.361798,0.0012328826,1.0694497
74,1.0709368,0.08222223,0.3629416,0.0012574722,1.0705558
75,1.0720525,0.08333334,0.36408484,0.001282329,1.071662
76,1.0731682,0.084444456,0.3652277,0.0013074556,1.0727682
77,1.0742838,0.08555557,0.3663702,0.0013328551,1.0738745
78,1.0753994,0.08666668,0.36751232,0.0013585304,1.0749809
79,1.076515,0.087777786,0.36865407,0.0013844842,1.0760872
80,1.0776304,0.0888889,0.36979547,0.0014107197,1.0771937
82,1.0798613,0.09111112,0.37207723,0.0014640475,1.0794067
83,1.0809766,0.092222236,0.37321758,0.0014911458,1.0805134
84,1.0820919,0.09333335,0.3743576,0.0015185379,1.08162
85,1.0832071,0.09444445,0.37549728,0.0015462268,1.0827267
86,1.0843223,0.095555566,0.37663662,0.0015742156,1.0838335
87,1.0854375,0.09666668,0.37777564,0.0016025075,1.0849402
88,1.0865526,0.09777779,0.37891433,0.0016311057,1.086047
89,1.0876677,0.098888904,0.38005272,0.0016600133,1.0871539
90,1.0887827,0.10000002,0.38119078,0.0016892338,1.0882609
92,1.0910126,0.102222234,0.38346598,0.0017486265,1.0904748
93,1.0921274,0.10333335,0.3846031,0.0017788053,1.091582
94,1.0932423,0.10444446,0.38573995,0.0018093102,1.092689
95,1.0943571,0.10555557,0.3868765,0.0018401447,1.0937963
96,1.0954719,0.106666684,0.38801274,0.0018713124,1.0949035
97,1.0965866,0.10777779,0.38914868,0.0019028166,1.0960107
98,1.0977013,0.1088889,0.39028436,0.0019346608,1.097118
99,1.0988159,0.110000014,0.39141974,0.0019668487,1.0982254
100,1.0999305,0.11111113,0.39255485,0.0019993838,1.0993327
102,1.1021596,0.113333344,0.39482424,0.0020655103,1.1015476
103,1.1032741,0.11444446,0.3959585,0.0020991089,1.102655
104,1.1043886,0.11555557,0.39709252,0.0021330696,1.1037626
105,1.105503,0.11666668,0.39822626,0.002167396,1.1048702
106,1.1066173,0.117777795,0.39935976,0.002202092,1.1059778
107,1.1077317,0.11888891,0.400493,0.0022371614,1.1070855
108,1.108846,0.12000001,0.401626,0.002272608,1.1081932
109,1.1099602,0.121111125,0.40275872,0.0023084357,1.1093009
110,1.1110744,0.12222224,0.4038912,0.0023446488,1.1104087
112,1.1133028,0.12444446,0.40615544,0.0024182464,1.1126243
113,1.114417,0.12555557,0.40728718,0.0024556392,1.1137322
114,1.1155311,0.12666668,0.40841872,0.0024934334,1.1148401
115,1.1166451,0.1277778,0.40955,0.002531633,1.1159481
116,1.1177591,0.1288889,0.41068107,0.0025702426,1.117056
117,1.1188731,0.13000001,0.4118119,0.0026092662,1.1181641
118,1.1199871,0.13111113,0.4129425,0.002648708,1.1192721
119,1.121101,0.13222224,0.41407287,0.0026885725,1.1203802
120,1.1222149,0.13333336,0.41520303,0.0027288639,1.1214883
121,1.1233288,0.13444446,0.416333,0.0027695866,1.1225965
123,1.1255565,0.13666669,0.4185922,0.0028523442,1.1248128
124,1.1266702,0.13777779,0.4197215,0.0028943878,1.1259211
125,1.127784,0.13888891,0.4208506,0.0029368808,1.1270294
126,1.1288978,0.14000002,0.4219795,0.0029798278,1.1281377
127,1.1300114,0.14111114,0.42310816,0.0030232335,1.129246
128,1.1311251,0.14222224,0.42423666,0.0030671025,1.1303544
129,1.1322387,0.14333335,0.42536494,0.0031114395,1.1314628
130,1.1333524,0.14444447,0.42649305,0.0031562494,1.1325712
131,1.1344659,0.14555557,0.42762095,0.003201537,1.1336796
133,1.136693,0.1477778,0.42987618,0.003293565,1.1358967
134,1.1378065,0.1488889,0.4310035,0.003340315,1.1370052
135,1.1389201,0.15000002,0.43213066,0.0033875627,1.1381137
136,1.1400335,0.15111113,0.43325764,0.003435313,1.1392224
137,1.1411469,0.15222225,0.43438444,0.0034835709,1.140331
138,1.1422603,0.15333335,0.43551105,0.0035323414,1.1414397
139,1.1433737,0.15444447,0.4366375,0.00358163,1.1425483
140,1.144487,0.15555558,0.43776375,0.0036314419,1.1436571
141,1.1456003,0.15666668,0.43888983,0.0036817822,1.1447659
143,1.1478269,0.1588889,0.4411415,0.0037840698,1.1469834
144,1.1489402,0.16000003,0.44226706,0.003836028,1.1480922
145,1.1500534,0.16111113,0.4433925,0.0038885365,1.149201
146,1.1511666,0.16222224,0.44451773,0.0039416007,1.1503099
147,1.1522797,0.16333336,0.44564283,0.003995226,1.1514188
148,1.1533929,0.16444446,0.44676778,0.0040494185,1.1525277
149,1.1545061,0.16555558,0.44789255,0.0041041835,1.1536366
150,1.1556191,0.16666669,0.44901717,0.004159527,1.1547456
151,1.1567322,0.1677778,0.45014164,0.004215454,1.1558546
153,1.1589583,0.17000002,0.45239013,0.004329085,1.1580726
154,1.1600714,0.17111114,0.45351416,0.0043868,1.1591816
155,1.1611844,0.17222224,0.45463803,0.0044451226,1.1602907
156,1.1622974,0.17333336,0.45576176,0.0045040594,1.1613998
157,1.1634103,0.17444447,0.45688534,0.004563616,1.162509
158,1.1645232,0.17555557,0.4580088,0.0046237987,1.1636181
159,1.1656362,0.17666669,0.4591321,0.0046846136,1.1647272
160,1.1667491,0.1777778,0.46025527,0.004746067,1.1658365
161,1.167862,0.17888892,0.4613783,0.004808165,1.1669457
163,1.1700877,0.18111113,0.46362397,0.004934322,1.1691642
164,1.1712005,0.18222225,0.46474662,0.0049983934,1.1702734
165,1.1723133,0.18333335,0.46586913,0.005063135,1.1713827
166,1.1734262,0.18444447,0.4669915,0.0051285545,1.172492
167,1.174539,0.18555558,0.46811378,0.0051946575,1.1736014
168,1.1756517,0.1866667,0.4692359,0.005261451,1.1747108
169,1.1767644,0.1877778,0.4703579,0.005328942,1.1758201
170,1.1778771,0.1888889,0.47147977,0.0053971373,1.1769295
171,1.1789898,0.19000003,0.47260153,0.005466043,1.1780388
173,1.1812152,0.19222225,0.4748447,0.0056060157,1.1802578
174,1.1823279,0.19333336,0.4759661,0.005677096,1.1813673
175,1.1834404,0.19444446,0.47708738,0.0057489155,1.1824768
176,1.184553,0.19555558,0.47820854,0.0058214813,1.1835862
177,1.1856656,0.19666669,0.47932962,0.0058948006,1.1846957
178,1.1867782,0.19777781,0.48045057,0.0059688804,1.1858052
179,1.1878908,0.19888891,0.4815714,0.006043728,1.1869148
180,1.1890033,0.20000003,0.48269212,0.006119351,1.1880244
181,1.1901159,0.20111114,0.48381275,0.0061957566,1.189134
182,1.1912284,0.20222224,0.48493326,0.0062729525,1.1902436
184,1.1934533,0.20444447,0.48717397,0.006429746,1.1924628
185,1.1945658,0.20555559,0.48829418,0.006509358,1.1935724
186,1.1956782,0.2066667,0.48941427,0.0065897913,1.1946821
187,1.1967907,0.2077778,0.49053428,0.0066710534,1.1957918
188,1.1979032,0.20888892,0.4916542,0.006753152,1.1969016
189,1.1990156,0.21000002,0.49277398,0.006836095,1.1980113
190,1.200128,0.21111114,0.49389368,0.00691989,1.199121
191,1.2012403,0.21222225,0.4950133,0.007004546,1.2002307
192,1.2023526,0.21333337,0.49613282,0.0070900708,1.2013404
194,1.2045773,0.21555558,0.49837154,0.007263758,1.20356
195,1.2056897,0.2166667,0.49949077,0.0073519377,1.2046698
196,1.206802,0.2177778,0.50060993,0.0074410187,1.2057797
197,1.2079144,0.21888892,0.501729,0.00753101,1.2068895
198,1.2090267,0.22000003,0.50284797,0.0076219197,1.2079993
199,1.2101389,0.22111113,0.50396687,0.0077137565,1.2091092
200,1.2112511,0.22222225,0.50508565,0.007806529,1.210219
201,1.2123634,0.22333336,0.50620437,0.0079002455,1.2113289
202,1.2134756,0.22444448,0.50732297,0.007994915,1.2124388
204,1.2157,0.22666669,0.5095599,0.00818715,1.2146587
205,1.2168123,0.22777781,0.5106783,0.008284732,1.2157687
206,1.2179245,0.22888891,0.5117966,0.008383302,1.2168787
207,1.2190367,0.23000003,0.5129148,0.00848287,1.2179886
208,1.2201488,0.23111114,0.5140329,0.008583444,1.2190986
209,1.2212609,0.23222226,0.51515096,0.008685035,1.2202085
210,1.222373,0.23333336,0.5162689,0.00878765,1.2213185
211,1.2234851,0.23444447,0.5173868,0.008891299,1.2224286
212,1.2245972,0.23555559,0.5185046,0.008995993,1.2235386
214,1.2268214,0.23777781,0.52074003,0.009208548,1.2257588
215,1.2279335,0.23888892,0.5218576,0.0093164295,1.2268689
216,1.2290456,0.24000002,0.52297515,0.009425392,1.227979
217,1.2301577,0.24111114,0.5240926,0.009535447,1.229089
218,1.2312698,0.24222225,0.52521,0.009646602,1.2301991
219,1.2323818,0.24333337,0.5263273,0.009758868,1.2313092
220,1.2334938,0.24444447,0.52744454,0.009872255,1.2324193
221,1.2346058,0.2455556,0.5285617,0.009986772,1.2335293
222,1.2357178,0.2466667,0.5296788,0.01010243,1.2346395
224,1.2379417,0.24888892,0.53191286,0.010337209,1.2368599
225,1.2390537,0.25000003,0.5330298,0.01045635,1.2379701
226,1.2401657,0.25111115,0.5341466,0.010576671,1.2390803
227,1.2412777,0.25222224,0.53526336,0.010698184,1.2401905
228,1.2423897,0.25333336,0.53638005,0.010820899,1.2413007
229,1.2435017,0.25444448,0.5374967,0.0109448265,1.2424109
230,1.2446136,0.2555556,0.53861326,0.011069977,1.2435211
231,1.2457255,0.2566667,0.5397298,0.01119636,1.2446313
232,1.2468374,0.2577778,0.5408462,0.011323987,1.2457415
233,1.2479492,0.25888893,0.5419626,0.011452868,1.2468518
235,1.250173,0.26111114,0.54419523,0.011714435,1.2490724
236,1.2512848,0.26222226,0.54531145,0.011847144,1.2501827
237,1.2523967,0.26333338,0.5464276,0.01198115,1.2512931
238,1.2535086,0.26444447,0.5475437,0.012116465,1.2524034
239,1.2546204,0.2655556,0.54865974,0.012253099,1.2535137
240,1.2557323,0.2666667,0.5497758,0.012391064,1.254624
241,1.2568442,0.2677778,0.55089176,0.012530371,1.2557343
242,1.257956,0.26888892,0.5520077,0.01267103,1.2568446
243,1.2590679,0.27000004,0.55312353,0.012813053,1.257955
245,1.2612916,0.27222225,0.5553551,0.013101237,1.2601756
246,1.2624034,0.27333337,0.55647075,0.01324742,1.2612859
247,1.2635151,0.2744445,0.5575864,0.013395013,1.2623963
248,1.2646269,0.27555558,0.55870193,0.013544028,1.2635068
249,1.2657386,0.2766667,0.5598175,0.0136944745,1.2646172
250,1.2668504,0.27777782,0.560933,0.013846366,1.2657276
251,1.2679621,0.2788889,0.56204844,0.013999713,1.2668381
252,1.2690738,0.28000003,0.5631638,0.014154527,1.2679485
253,1.2701856,0.28111115,0.56427914,0.014310821,1.269059
255,1.2724091,0.28333336,0.5665097,0.014627893,1.2712798
256,1.2735208,0.28444448,0.5676249,0.014788697,1.2723902
257,1.2746326,0.2855556,0.56874007,0.014951026,1.2735007
258,1.2757443,0.2866667,0.5698552,0.015114894,1.2746111
259,1.2768561,0.2877778,0.5709703,0.015280314,1.2757215
260,1.2779678,0.28888893,0.5720853,0.015447296,1.276832
261,1.2790796,0.29000005,0.5732003,0.015615854,1.2779424
262,1.2801913,0.29111114,0.57431525,0.015786,1.2790529
263,1.2813029,0.29222226,0.57543015,0.015957745,1.2801634
265,1.2835262,0.29444447,0.5776598,0.016306082,1.2823845
266,1.2846378,0.2955556,0.5787746,0.0164827,1.2834951
267,1.2857494,0.2966667,0.5798893,0.016660966,1.2846056
268,1.2868611,0.2977778,0.58100396,0.016840894,1.2857162
269,1.2879727,0.29888892,0.58211863,0.017022496,1.2868267
270,1.2890843,0.30000004,0.58323324,0.017205784,1.2879373
271,1.290196,0.30111116,0.5843478,0.01739077,1.2890478
272,1.2913076,0.30222225,0.58546233,0.01757747,1.2901584
273,1.2924192,0.30333337,0.5865768,0.017765893,1.291269
275,1.2946424,0.30555558,0.5888057,0.018147964,1.29349
276,1.2957541,0.3066667,0.58992004,0.018341636,1.2946006
277,1.2968657,0.30777782,0.5910344,0.018537084,1.2957112
278,1.2979773,0.30888894,0.5921487,0.01873432,1.2968217
279,1.299089,0.31000003,0.593263,0.018933356,1.2979323
280,1.3002006,0.31111115,0.5943772,0.019134205,1.2990428
281,1.3013122,0.31222227,0.5954914,0.019336881,1.3001534
282,1.3024238,0.31333336,0.5966056,0.019541396,1.301264
283,1.3035355,0.31444448,0.5977197,0.019747764,1.3023747
285,1.3057585,0.31666672,0.5999479,0.020166107,1.3045961
286,1.30687,0.3177778,0.60106194,0.020378109,1.3057067
287,1.3079815,0.31888893,0.60217595,0.020592015,1.3068174
288,1.309093,0.32000005,0.6032899,0.020807838,1.3079281
289,1.3102045,0.32111114,0.60440385,0.02102559,1.3090388
290,1.311316,0.32222226,0.60551775,0.021245288,1.3101494
291,1.3124275,0.32333338,0.60663164,0.02146694,1.3112601
292,1.313539,0.32444447,0.60774547,0.021690562,1.3123708
293,1.3146505,0.3255556,0.6088593,0.021916168,1.3134815
294,1.315762,0.3266667,0.6099731,0.022143768,1.3145921
296,1.317985,0.32888892,0.61220056,0.022605008,1.3168135
297,1.3190966,0.33000004,0.6133143,0.022838673,1.3179241
298,1.3202081,0.33111116,0.6144279,0.023074385,1.3190348
299,1.3213196,0.33222225,0.6155416,0.023312159,1.3201455
300,1.3224311,0.33333337,0.6166552,0.023552006,1.3212562
301,1.3235426,0.3344445,0.61776876,0.023793941,1.3223668
302,1.3246541,0.3355556,0.6188823,0.024037978,1.3234775
303,1.3257656,0.3366667,0.61999583,0.024284126,1.3245882
304,1.3268771,0.33777782,0.62110937,0.024532402,1.3256989
306,1.3291001,0.34000003,0.6233363,0.025035385,1.3279202
307,1.3302116,0.34111115,0.62444973,0.025290119,1.329031
308,1.3313231,0.34222227,0.62556314,0.025547031,1.3301418
309,1.3324347,0.34333336,0.6266765,0.025806135,1.3312526
310,1.3335462,0.34444448,0.62778986,0.026067443,1.3323634
311,1.3346575,0.3455556,0.62890315,0.02633097,1.3334742
312,1.3357689,0.34666672,0.63001645,0.026596727,1.334585
313,1.3368803,0.3477778,0.63112974,0.026864728,1.3356957
314,1.3379917,0.34888893,0.632243,0.027134985,1.3368065
316,1.3402145,0.35111114,0.6344694,0.027682321,1.3390281
317,1.3413259,0.35222226,0.63558257,0.027959425,1.3401389
318,1.3424373,0.35333338,0.63669574,0.028238837,1.3412497
319,1.3435487,0.3544445,0.63780886,0.02852057,1.3423605
320,1.34466,0.3555556,0.638922,0.028804636,1.3434713
321,1.3457714,0.3566667,0.6400351,0.029091047,1.3445821
322,1.3468828,0.35777783,0.64114815,0.029379817,1.3456929
323,1.3479942,0.35888892,0.6422612,0.029670957,1.3468037
324,1.3491056,0.36000004,0.6433742,0.029964482,1.3479145
326,1.3513284,0.36222225,0.6456002,0.030558735,1.350136
327,1.3524398,0.36333337,0.64671314,0.030859487,1.3512468
328,1.3535511,0.3644445,0.6478261,0.031162672,1.3523576
329,1.3546625,0.3655556,0.648939,0.031468302,1.3534684
330,1.3557739,0.3666667,0.6500519,0.03177639,1.3545792
331,1.3568853,0.36777782,0.65116477,0.03208695,1.35569
332,1.3579967,0.36888894,0.65227765,0.03239999,1.3568008
333,1.3591081,0.37000003,0.65339047,0.032715525,1.3579116
334,1.3602195,0.37111115,0.6545033,0.03303357,1.3590224
336,1.3624423,0.3733334,0.65672886,0.03367722,1.361244
337,1.3635536,0.37444448,0.6578416,0.03400285,1.3623548
338,1.364665,0.3755556,0.6589544,0.03433104,1.3634655
339,1.3657764,0.37666672,0.66006714,0.03466179,1.3645763
340,1.3668878,0.3777778,0.66117984,0.034995116,1.3656871
341,1.3679992,0.37888893,0.66229254,0.035331033,1.366798
342,1.3691106,0.38000005,0.66340524,0.03566955,1.367909
343,1.370222,0.38111117,0.6645179,0.03601068,1.3690199
344,1.3713334,0.38222227,0.6656305,0.036354426,1.3701308
346,1.3735561,0.3844445,0.66785574,0.037049834,1.3723526
347,1.3746675,0.3855556,0.6689683,0.037401516,1.3734635
348,1.3757789,0.38666672,0.6700809,0.037755866,1.3745744
349,1.3768903,0.38777784,0.6711935,0.03811289,1.3756853
350,1.3780016,0.38888893,0.672306,0.038472604,1.3767962
351,1.3791128,0.39000005,0.6734185,0.038835015,1.3779072
352,1.3802241,0.39111117,0.67453104,0.039200135,1.3790181
353,1.3813354,0.3922223,0.67564356,0.039567973,1.380129
354,1.3824466,0.39333338,0.676756,0.03993854,1.3812399
355,1.3835579,0.3944445,0.6778685,0.040311843,1.3823508
357,1.3857805,0.3966667,0.6800934,0.04106671,1.3845726
358,1.3868917,0.39777783,0.6812058,0.04144829,1.3856835
359,1.388003,0.39888895,0.6823182,0.041832652,1.3867944
360,1.3891143,0.40000007,0.6834306,0.042219803,1.3879054
361,1.3902255,0.40111116,0.684543,0.042609747,1.3890163
362,1.3913368,0.40222228,0.68565536,0.0430025,1.3901272
363,1.3924481,0.4033334,0.6867677,0.04339807,1.3912381
364,1.3935593,0.4044445,0.68788004,0.043796465,1.392349
365,1.3946706,0.4055556,0.6889924,0.044197693,1.3934599
367,1.3968931,0.40777782,0.69121695,0.045008685,1.3956817
368,1.3980044,0.40888894,0.6923292,0.045418467,1.3967927
369,1.3991157,0.41000006,0.6934415,0.045831118,1.3979036
370,1.400227,0.41111118,0.6945538,0.046246644,1.3990145
371,1.4013382,0.41222227,0.695666,0.046665054,1.4001254
372,1.4024495,0.4133334,0.69677824,0.047086354,1.4012363
373,1.4035608,0.4144445,0.69789046,0.047510557,1.4023472
374,1.404672,0.4155556,0.6990027,0.047937665,1.4034581
375,1.4057833,0.41666672,0.7001149,0.04836769,1.404569
377,1.4080058,0.41888896,0.70233923,0.049236514,1.4067909
378,1.4091171,0.42000005,0.7034514,0.049675327,1.4079018
379,1.4102284,0.42111117,0.70456356,0.050117083,1.4090127
380,1.4113396,0.4222223,0.7056757,0.05056179,1.4101236
381,1.4124509,0.42333338,0.7067878,0.051009454,1.4112345
382,1.4135622,0.4244445,0.7078999,0.051460084,1.4123454
383,1.4146734,0.42555562,0.70901203,0.051913682,1.4134563
384,1.4157847,0.42666674,0.71012414,0.052370258,1.4145672
385,1.416896,0.42777783,0.71123624,0.052829813,1.4156781
387,1.4191185,0.43000007,0.7134603,0.05375789,1.4179
388,1.4202298,0.43111116,0.71457237,0.054226425,1.4190109
389,1.4213411,0.43222228,0.7156844,0.05469796,1.4201218
390,1.4224523,0.4333334,0.71679646,0.055172507,1.4212327
391,1.4235636,0.4344445,0.7179085,0.055650067,1.4223436
392,1.4246749,0.4355556,0.7190205,0.056130644,1.4234545
393,1.4257861,0.43666673,0.72013247,0.056614246,1.4245654
394,1.4268974,0.43777785,0.72124445,0.057100873,1.4256763
395,1.4280087,0.43888894,0.72235644,0.057590533,1.4267873
397,1.4302312,0.44111118,0.7245804,0.058578964,1.4290093
398,1.4313425,0.44222227,0.72569233,0.059077743,1.4301203
399,1.4324538,0.4433334,0.72680426,0.05957957,1.4312314
400,1.433565,0.4444445,0.7279162,0.060084444,1.4323424
401,1.4346763,0.44555563,0.7290281,0.060592372,1.4334534
402,1.4357876,0.44666672,0.73014003,0.061103355,1.4345645
403,1.4368988,0.44777784,0.73125196,0.061617397,1.4356755
404,1.4380101,0.44888896,0.7323639,0.0621345,1.4367865
405,1.4391214,0.45000005,0.73347574,0.06265467,1.4378976
407,1.4413439,0.4522223,0.7356995,0.0637042,1.4401196
408,1.4424552,0.45333338,0.73681134,0.06423357,1.4412307
409,1.4435664,0.4544445,0.7379232,0.06476601,1.4423417
410,1.4446777,0.45555562,0.73903507,0.06530153,1.4434527
411,1.445789,0.45666674,0.74014693,0.06584012,1.4445637
412,1.4469002,0.45777783,0.74125874,0.06638178,1.4456748
413,1.4480115,0.45888895,0.74237055,0.066926524,1.4467858
414,1.4491228,0.46000007,0.74348235,0.06747434,1.4478968
415,1.450234,0.46111116,0.74459416,0.06802524,1.4490079
416,1.4513453,0.46222228,0.74570596,0.06857921,1.4501189
418,1.4535679,0.46444452,0.7479296,0.06969639,1.452341
419,1.4546791,0.4655556,0.7490414,0.07025959,1.453452
420,1.4557904,0.46666673,0.7501531,0.070825875,1.454563
421,1.4569017,0.46777785,0.75126487,0.07139523,1.455674
422,1.4580128,0.46888894,0.7523766,0.07196767,1.4567851
423,1.459124,0.47000006,0.75348836,0.07254318,1.4578961
424,1.4602351,0.47111118,0.7546001,0.073121764,1.4590071
425,1.4613463,0.47222227,0.75571185,0.07370342,1.4601182
426,1.4624574,0.4733334,0.7568236,0.07428815,1.4612292
428,1.4646797,0.47555563,0.75904703,0.07546681,1.4634513
429,1.4657909,0.47666672,0.7601587,0.07606074,1.4645623
430,1.466902,0.47777784,0.7612704,0.076657735,1.4656733
431,1.4680132,0.47888896,0.7623821,0.07725778,1.4667844
432,1.4691243,0.48000005,0.7634938,0.07786089,1.4678954
433,1.4702355,0.48111117,0.76460546,0.078467056,1.4690064
434,1.4713466,0.4822223,0.76571715,0.07907627,1.4701174
435,1.4724578,0.4833334,0.76682884,0.07968853,1.4712285
436,1.4735689,0.4844445,0.7679405,0.08030383,1.4723395
438,1.4757912,0.48666674,0.7701638,0.081543565,1.4745616
439,1.4769024,0.48777783,0.7712754,0.08216798,1.4756726
440,1.4780135,0.48888895,0.772387,0.08279543,1.4767836
441,1.4791247,0.49000007,0.77349865,0.08342591,1.4778947
442,1.4802358,0.4911112,0.7746103,0.0840594,1.4790057
443,1.481347,0.49222228,0.7757219,0.08469591,1.4801167
444,1.4824581,0.4933334,0.77683353,0.08533543,1.4812278
445,1.4835693,0.49444452,0.77794516,0.085977964,1.4823388
446,1.4846804,0.4955556,0.7790568,0.0866235,1.4834498
448,1.4869027,0.49777785,0.78128,0.08792354,1.4856719
449,1.4880139,0.49888894,0.78239155,0.088578045,1.4867829
450,1.489125,0.50000006,0.7835031,0.08923552,1.4878939
451,1.4902362,0.50111115,0.7846147,0.08989597,1.489005
452,1.4913473,0.5022223,0.78572625,0.09055939,1.490116
453,1.4924585,0.5033334,0.7868378,0.09122577,1.491227
454,1.4935696,0.5044445,0.7879494,0.0918951,1.4923381
455,1.4946808,0.5055556,0.78906095,0.092567384,1.4934491
456,1.4957919,0.5066667,0.7901725,0.09324261,1.4945601
458,1.4980142,0.50888896,0.79239565,0.09460184,1.4967822
459,1.4991254,0.51000005,0.7935072,0.09528584,1.4978932
460,1.5002365,0.5111112,0.7946187,0.095972754,1.4990042
461,1.5013477,0.5122223,0.79573023,0.096662566,1.5001153
462,1.5024588,0.5133334,0.79684174,0.09735528,1.5012263
463,1.50357,0.51444453,0.79795325,0.09805088,1.5023373
464,1.5046811,0.5155556,0.79906476,0.098749354,1.5034484
465,1.5057923,0.5166667,0.80017626,0.09945071,1.5045594
466,1.5069034,0.51777786,0.8012878,0.10015492,1.5056704
467,1.5080146,0.51888895,0.8023993,0.10086199,1.5067815
469,1.5102369,0.5211112,0.8046223,0.102284655,1.5090035
470,1.511348,0.5222223,0.8057338,0.10300024,1.5101146
471,1.5124592,0.52333343,0.8068453,0.103718646,1.5112256
472,1.5135703,0.5244445,0.8079568,0.10443986,1.5123366
473,1.5146815,0.5255556,0.80906826,0.10516388,1.5134476
474,1.5157926,0.52666676,0.8101797,0.10589069,1.5145587
475,1.5169038,0.52777785,0.81129116,0.10662028,1.5156697
476,1.5180149,0.52888894,0.8124026,0.10735265,1.5167807
477,1.519126,0.5300001,0.81351405,0.10808778,1.5178918
479,1.5213484,0.5322223,0.81573695,0.109566286,1.5201138
480,1.5224595,0.5333334,0.8168484,0.110309646,1.5212249
481,1.5235707,0.5344445,0.81795985,0.11105573,1.5223359
482,1.5246818,0.5355556,0.8190713,0.11180453,1.5234469
483,1.525793,0.53666675,0.82018274,0.11255603,1.524558
484,1.5269041,0.53777784,0.8212942,0.113310225,1.525669
485,1.5280153,0.53888893,0.82240564,0.1140671,1.52678
486,1.5291264,0.5400001,0.8235171,0.11482665,1.527891
487,1.5302376,0.5411112,0.82462853,0.11558886,1.5290021
489,1.5324599,0.5433334,0.82685137,0.117121205,1.5312241
490,1.533571,0.5444445,0.82796276,0.11789133,1.5323352
491,1.5346822,0.54555565,0.82907414,0.11866406,1.5334462
492,1.5357933,0.54666674,0.83018553,0.11943941,1.5345572
493,1.5369045,0.54777783,0.8312969,0.120217346,1.5356683
494,1.5380156,0.548889,0.8324083,0.12099786,1.5367793
495,1.5391268,0.5500001,0.8335197,0.12178095,1.5378903
496,1.5402379,0.55111116,0.8346311,0.122566596,1.5390013
497,1.541349,0.5522223,0.8357425,0.123354785,1.5401124
499,1.5435714,0.5544445,0.83796525,0.12493876,1.5423344
500,1.5446825,0.55555564,0.83907664,0.12573452,1.5434455
501,1.5457937,0.55666673,0.840188,0.12653278,1.5445565
502,1.5469048,0.5577778,0.8412994,0.12733352,1.5456675
503,1.548016,0.558889,0.8424108,0.12813675,1.5467786
504,1.5491271,0.56000006,0.8435222,0.12894244,1.5478896
505,1.5502383,0.5611112,0.8446336,0.12975058,1.5490006
506,1.5513494,0.5622223,0.84574497,0.13056116,1.5501117
507,1.5524606,0.5633334,0.84685636,0.13137417,1.5512227
509,1.5546829,0.56555563,0.849079,0.1330074,1.5534447
510,1.555794,0.5666667,0.85019034,0.13382761,1.5545558
511,1.5569052,0.5677779,0.85130167,0.1346502,1.5556668
512,1.5580163,0.56888896,0.852413,0.13547514,1.5567778
513,1.5591274,0.57000005,0.8535243,0.13630244,1.5578889
514,1.5602386,0.5711112,0.85463566,0.13713208,1.5589999
515,1.5613497,0.5722223,0.855747,0.13796404,1.5601109
516,1.5624609,0.5733334,0.8568583,0.13879831,1.561222
517,1.563572,0.57444453,0.85796964,0.13963489,1.562333
519,1.5657943,0.5766667,0.8601923,0.1413149,1.564555
520,1.5669055,0.57777786,0.8613036,0.14215828,1.5656661
521,1.5680166,0.57888895,0.86241496,0.14300393,1.5667771
522,1.5691278,0.5800001,0.8635263,0.1438518,1.5678881
523,1.570239,0.5811112,0.8646376,0.14470191,1.5689992
524,1.5713501,0.5822223,0.86574894,0.14555423,1.5701102
525,1.5724612,0.58333343,0.8668603,0.14640874,1.5712212
526,1.5735724,0.5844445,0.8679716,0.14726543,1.5723323
527,1.5746835,0.5855556,0.8690829,0.14812429,1.5734433
528,1.5757947,0.58666676,0.87019426,0.14898531,1.5745543
530,1.578017,0.58888894,0.8724169,0.15071377,1.5767764
531,1.5791281,0.5900001,0.87352824,0.15158118,1.5778874
532,1.5802393,0.5911112,0.8746396,0.1524507,1.5789984
533,1.5813504,0.5922223,0.87575084,0.15332231,1.5801095
534,1.5824616,0.5933334,0.8768621,0.154196,1.5812205
535,1.5835727,0.5944445,0.8779734,0.15507175,1.5823315
536,1.5846839,0.5955556,0.87908465,0.15594956,1.5834426
537,1.585795,0.59666675,0.8801959,0.1568294,1.5845536
538,1.5869062,0.59777784,0.8813072,0.15771127,1.5856646
540,1.5891285,0.6000001,0.8835297,0.15948103,1.5878867
541,1.5902396,0.6011112,0.884641,0.1603689,1.5889977
542,1.5913508,0.6022223,0.88575226,0.16125874,1.5901088
543,1.592462,0.6033334,0.8868635,0.16215055,1.5912198
544,1.5935731,0.6044445,0.8879748,0.1630443,1.5923308
545,1.5946842,0.60555565,0.88908607,0.16393998,1.5934418
546,1.5957954,0.60666674,0.89019734,0.16483758,1.5945529
547,1.5969065,0.60777783,0.8913086,0.16573709,1.5956639
548,1.5980177,0.608889,0.8924199,0.1666385,1.5967749
550,1.60024,0.61111116,0.8946424,0.16844694,1.598997
551,1.6013511,0.6122223,0.8957537,0.16935396,1.600108
552,1.6024623,0.6133334,0.89686495,0.17026281,1.601219
553,1.6035734,0.6144445,0.8979762,0.1711735,1.6023301
554,1.6046846,0.61555564,0.8990875,0.172086,1.6034411
555,1.6057957,0.61666673,0.90019876,0.1730003,1.6045521
556,1.6069069,0.6177779,0.90131,0.1739164,1.6056632
557,1.608018,0.618889,0.9024213,0.17483428,1.6067742
558,1.6091292,0.62000006,0.90353256,0.17575392,1.6078852
560,1.6113515,0.6222223,0.9057551,0.17759846,1.6101073
561,1.6124626,0.6233334,0.9068664,0.17852332,1.6112183
562,1.6135738,0.62444454,0.90797764,0.1794499,1.6123294
563,1.6146849,0.62555563,0.9090889,0.18037818,1.6134404
564,1.6157961,0.6266667,0.9102002,0.18130815,1.6145514
565,1.6169072,0.6277779,0.91131145,0.1822398,1.6156625
566,1.6180184,0.62888896,0.9124227,0.1831731,1.6167735
567,1.6191295,0.63000005,0.913534,0.18410806,1.6178846
568,1.6202407,0.6311112,0.9146452,0.18504466,1.6189958
570,1.622463,0.63333344,0.9168676,0.18692273,1.6212181
571,1.6235741,0.63444453,0.9179788,0.18786417,1.6223292
572,1.6246853,0.6355556,0.91909003,0.1888072,1.6234404
573,1.6257964,0.6366668,0.92020124,0.18975182,1.6245515
574,1.6269076,0.63777786,0.92131245,0.190698,1.6256627
575,1.6280187,0.63888896,0.92242366,0.19164573,1.6267738
576,1.6291299,0.6400001,0.92353487,0.192595,1.627885
577,1.630241,0.6411112,0.9246461,0.1935458,1.6289961
578,1.6313522,0.6422223,0.9257573,0.19449812,1.6301073
580,1.6335745,0.6444445,0.9279797,0.19640726,1.6323296
581,1.6346856,0.6455556,0.9290909,0.19736406,1.6334407
582,1.6357968,0.64666677,0.9302021,0.19832233,1.6345519
583,1.6369079,0.64777786,0.93131334,0.19928205,1.635663
584,1.6380191,0.64888895,0.93242455,0.20024322,1.6367742
585,1.6391302,0.6500001,0.93353575,0.20120582,1.6378853
586,1.6402414,0.6511112,0.93464696,0.20216985,1.6389965
587,1.6413525,0.65222234,0.9357582,0.20313528,1.6401076
588,1.6424637,0.6533334,0.9368694,0.20410211,1.6412188
589,1.6435748,0.6544445,0.9379806,0.20507035,1.6423299
591,1.6457971,0.65666676,0.940203,0.20701092,1.6445522
592,1.6469083,0.65777785,0.9413142,0.20798324,1.6456634
593,1.6480194,0.658889,0.94242543,0.20895691,1.6467745
594,1.6491306,0.6600001,0.94353664,0.20993191,1.6478857
595,1.6502417,0.6611112,0.94464785,0.21090823,1.6489968
596,1.6513529,0.6622223,0.94575906,0.21188585,1.650108
597,1.652464,0.6633334,0.94687027,0.21286479,1.6512191
598,1.6535752,0.6644445,0.9479815,0.213845,1.6523303
599,1.6546863,0.66555566,0.9490927,0.2148265,1.6534414
601,1.6569086,0.66777784,0.9513151,0.21679327,1.6556637
602,1.6580198,0.668889,0.9524263,0.21777852,1.6567749
603,1.6591309,0.6700001,0.9535375,0.218765,1.657886
604,1.6602421,0.6711112,0.95464873,0.21975271,1.6589972
605,1.6613532,0.6722223,0.95575994,0.22074164,1.6601083
606,1.6624644,0.6733334,0.95687115,0.22173177,1.6612195
607,1.6635755,0.67444456,0.95798236,0.22272308,1.6623306
608,1.6646867,0.67555565,0.9590936,0.22371559,1.6634418
609,1.6657978,0.67666674,0.9602048,0.22470926,1.6645529
611,1.6680201,0.678889,0.9624272,0.22670007,1.6667752
612,1.6691313,0.68000007,0.9635384,0.2276972,1.6678864
613,1.6702424,0.6811112,0.9646496,0.22869545,1.6689975
614,1.6713536,0.6822223,0.9657608,0.22969483,1.6701087
615,1.6724647,0.6833334,0.96687204,0.23069532,1.6712198
616,1.6735759,0.68444455,0.96798325,0.23169692,1.672331
617,1.674687,0.68555564,0.96909446,0.2326996,1.6734421
618,1.6757982,0.6866667,0.97020566,0.23370336,1.6745533
619,1.6769093,0.6877779,0.9713169,0.23470819,1.6756644
621,1.6791316,0.6900001,0.9735393,0.23672104,1.6778867
622,1.6802428,0.6911112,0.9746505,0.23772903,1.6789979
623,1.6813539,0.6922223,0.9757617,0.23873806,1.680109
624,1.6824651,0.69333345,0.97687286,0.23974812,1.6812202
625,1.6835762,0.69444454,0.977984,0.2407592,1.6823313
626,1.6846874,0.6955556,0.97909516,0.24177127,1.6834425
627,1.6857985,0.6966668,0.9802063,0.24278434,1.6845536
628,1.6869097,0.69777787,0.98131746,0.2437984,1.6856648
629,1.6880208,0.69888896,0.9824286,0.24481344,1.6867759
631,1.6902431,0.7011112,0.9846509,0.24684642,1.6889982
632,1.6913543,0.7022223,0.98576206,0.24786435,1.6901094
633,1.6924654,0.70333344,0.9868732,0.24888322,1.6912205
634,1.6935766,0.7044445,0.98798436,0.24990302,1.6923317
635,1.6946877,0.7055556,0.9890955,0.25092375,1.6934428
636,1.6957989,0.70666677,0.99020666,0.2519454,1.694554
637,1.69691,0.70777786,0.9913178,0.25296795,1.6956651
638,1.6980212,0.708889,0.99242896,0.25399143,1.6967763
639,1.6991323,0.7100001,0.9935401,0.2550158,1.6978874
641,1.7013546,0.71222234,0.9957624,0.25706714,1.7001097
642,1.7024658,0.7133334,0.99687356,0.25809413,1.7012209
643,1.7035769,0.7144445,0.9979847,0.25912198,1.702332
644,1.7046881,0.71555567,0.99909586,0.26015067,1.7034432
645,1.7057992,0.71666676,1.0002071,0.2611802,1.7045543
646,1.7069104,0.71777785,1.0013182,0.26221055,1.7056655
647,1.7080215,0.718889,1.0024294,0.26324174,1.7067766
648,1.7091327,0.7200001,1.0035405,0.26427376,1.7078878
649,1.7102438,0.7211112,1.0046517,0.2653066,1.7089989
650,1.711355,0.7222223,1.0057628,0.26634023,1.7101101
652,1.7135773,0.7244445,1.0079851,0.26840988,1.7123324
653,1.7146884,0.72555566,1.0090963,0.26944587,1.7134435
654,1.7157996,0.72666675,1.0102074,0.27048263,1.7145547
655,1.7169107,0.7277779,1.0113186,0.27152017,1.7156658
656,1.7180219,0.728889,1.0124297,0.27255848,1.716777
657,1.719133,0.7300001,1.0135409,0.27359754,1.7178881
658,1.7202442,0.7311112,1.014652,0.27463734,1.7189993
659,1.7213553,0.7322223,1.0157632,0.2756779,1.7201104
660,1.7224665,0.7333334,1.0168743,0.27671915,1.7212216
662,1.7246888,0.73555565,1.0190966,0.27880383,1.7234439
663,1.7257999,0.73666674,1.0202078,0.27984723,1.724555
664,1.7269111,0.7377779,1.0213189,0.28089136,1.7256662
665,1.7280222,0.738889,1.0224301,0.28193617,1.7267773
666,1.7291334,0.74000007,1.0235412,0.28298166,1.7278885
667,1.7302445,0.7411112,1.0246524,0.28402784,1.7289996
668,1.7313557,0.7422223,1.0257635,0.2850747,1.7301108
669,1.7324668,0.74333346,1.0268747,0.28612223,1.7312219
670,1.733578,0.74444455,1.0279858,0.28717044,1.7323331
672,1.7358003,0.7466668,1.0302081,0.2892688,1.7345554
673,1.7369114,0.7477779,1.0313193,0.29031894,1.7356665
674,1.7380226,0.74888897,1.0324304,0.2913697,1.7367777
675,1.7391337,0.7500001,1.0335416,0.2924211,1.7378888
676,1.7402449,0.7511112,1.0346527,0.29347312,1.739
677,1.741356,0.7522223,1.0357639,0.29452577,1.7401111
678,1.7424672,0.75333345,1.036875,0.29557905,1.7412223
679,1.7435783,0.75444454,1.0379862,0.29663292,1.7423334
680,1.7446895,0.7555556,1.0390973,0.29768738,1.7434446
682,1.7469118,0.75777787,1.0413196,0.2997981,1.7456669
683,1.7480229,0.75888896,1.0424308,0.30085433,1.746778
684,1.7491341,0.7600001,1.0435419,0.30191115,1.7478892
685,1.7502452,0.7611112,1.044653,0.30296853,1.7490003
686,1.7513564,0.76222235,1.0457642,0.30402648,1.7501115
687,1.7524675,0.76333344,1.0468754,0.305085,1.7512226
688,1.7535787,0.76444453,1.0479865,0.30614406,1.7523338
689,1.7546898,0.7655557,1.0490977,0.30720368,1.7534449
690,1.755801,0.76666677,1.0502088,0.30826384,1.7545561
692,1.7580233,0.768889,1.0524311,0.31038576,1.7567784
693,1.7591344,0.7700001,1.0535423,0.3114475,1.7578895
694,1.7602456,0.7711112,1.0546534,0.31250978,1.7590007
695,1.7613567,0.77222234,1.0557646,0.31357256,1.7601118
696,1.7624679,0.77333343,1.0568757,0.31463584,1.761223
697,1.763579,0.7744445,1.0579869,0.31569964,1.7623341
698,1.7646902,0.7755557,1.059098,0.31676394,1.7634453
699,1.7658013,0.77666676,1.0602092,0.31782874,1.7645564
700,1.7669125,0.77777785,1.0613203,0.31889403,1.7656676
701,1.7680236,0.778889,1.0624315,0.3199598,1.7667787
703,1.7702459,0.78111124,1.0646538,0.3220928,1.769001
704,1.771357,0.78222233,1.0657649,0.32316,1.7701122
705,1.7724682,0.7833334,1.066876,0.32422766,1.7712233
706,1.7735794,0.7844446,1.0679872,0.32529578,1.7723345
707,1.7746905,0.78555566,1.0690984,0.32636437,1.7734456
708,1.7758017,0.78666675,1.0702095,0.3274334,1.7745568
709,1.7769128,0.7877779,1.0713207,0.3285029,1.7756679
710,1.778024,0.788889,1.0724318,0.32957283,1.776779
711,1.7791351,0.7900001,1.073543,0.3306432,1.7778902
713,1.7813574,0.7922223,1.0757653,0.33278522,1.7801125
714,1.7824686,0.7933334,1.0768764,0.33385688,1.7812237
715,1.7835797,0.79444456,1.0779876,0.33492896,1.7823348
716,1.7846909,0.79555565,1.0790987,0.33600146,1.783446
717,1.785802,0.79666674,1.0802099,0.33707437,1.7845571
718,1.7869132,0.7977779,1.081321,0.33814767,1.7856683
719,1.7880243,0.798889,1.0824322,0.3392214,1.7867794
720,1.7891355,0.80000013,1.0835433,0.3402955,1.7878906
721,1.7902466,0.8011112,1.0846545,0.34137002,1.7890017
723,1.7924689,0.80333346,1.0868767,0.34352022,1.791224
724,1.79358,0.80444455,1.0879879,0.3445959,1.7923352
725,1.7946912,0.80555564,1.089099,0.34567195,1.7934463
726,1.7958024,0.8066668,1.0902102,0.34674838,1.7945575
727,1.7969135,0.8077779,1.0913213,0.34782517,1.7956686
728,1.7980247,0.808889,1.0924325,0.34890234,1.7967798
729,1.7991358,0.8100001,1.0935436,0.34997988,1.7978909
730,1.800247,0.8111112,1.0946548,0.35105777,1.799002
731,1.8013581,0.8122223,1.095766,0.35213602,1.8001132
733,1.8035804,0.81444454,1.0979882,0.35429356,1.8023355
734,1.8046916,0.81555563,1.0990994,0.35537285,1.8034467
735,1.8058027,0.8166668,1.1002105,0.35645247,1.8045578
736,1.8069139,0.8177779,1.1013217,0.35753244,1.805669
737,1.808025,0.818889,1.1024328,0.35861275,1.8067801
738,1.8091362,0.8200001,1.103544,0.35969338,1.8078912
739,1.8102473,0.8211112,1.1046551,0.36077434,1.8090024
740,1.8113585,0.82222235,1.1057663,0.36185563,1.8101135
741,1.8124696,0.82333344,1.1068774,0.36293724,1.8112247
743,1.8146919,0.8255557,1.1090997,0.3651014,1.813447
744,1.815803,0.8266668,1.1102109,0.36618394,1.8145581
745,1.8169142,0.82777786,1.111322,0.3672668,1.8156693
746,1.8180254,0.828889,1.1124332,0.36834997,1.8167804
747,1.8191365,0.8300001,1.1135443,0.36943343,1.8178916
748,1.8202477,0.8311112,1.1146555,0.3705172,1.8190027
749,1.8213588,0.83222234,1.1157666,0.37160125,1.8201139
750,1.82247,0.83333343,1.1168778,0.3726856,1.821225
751,1.8235811,0.8344445,1.117989,0.37377024,1.8223362
753,1.8258034,0.83666676,1.1202112,0.37594035,1.8245585
754,1.8269145,0.8377779,1.1213224,0.37702584,1.8256696
755,1.8280257,0.838889,1.1224335,0.3781116,1.8267808
756,1.8291368,0.8400001,1.1235447,0.37919763,1.827892
757,1.830248,0.84111124,1.1246558,0.38028392,1.8290031
758,1.8313591,0.84222233,1.125767,0.38137048,1.8301142
759,1.8324703,0.8433334,1.1268781,0.38245732,1.8312254
760,1.8335814,0.8444446,1.1279893,0.38354442,1.8323365
761,1.8346926,0.84555566,1.1291004,0.38463178,1.8334477
762,1.8358037,0.84666675,1.1302116,0.3857194,1.8345588
764,1.838026,0.848889,1.1324339,0.38789538,1.8367811
765,1.8391372,0.8500001,1.133545,0.38898376,1.8378923
766,1.8402483,0.85111123,1.1346562,0.39007238,1.8390034
767,1.8413595,0.8522223,1.1357673,0.39116123,1.8401146
768,1.8424706,0.8533335,1.1368785,0.39225033,1.8412257
769,1.8435818,0.85444456,1.1379896,0.39333966,1.8423369
770,1.844693,0.85555565,1.1391008,0.39442924,1.843448
771,1.8458041,0.8566668,1.1402119,0.39551905,1.8445592
772,1.8469152,0.8577779,1.1413231,0.3966091,1.8456703
774,1.8491375,0.86000013,1.1435454,0.39878985,1.8478926
775,1.8502487,0.8611112,1.1446565,0.39988056,1.8490038
776,1.8513598,0.8622223,1.1457677,0.4009715,1.850115
777,1.852471,0.86333346,1.1468788,0.40206265,1.8512261
778,1.8535821,0.86444455,1.14799,0.40315402,1.8523372
779,1.8546933,0.86555564,1.1491011,0.40424562,1.8534484
780,1.8558044,0.8666668,1.1502123,0.40533742,1.8545595
781,1.8569156,0.8677779,1.1513234,0.40642944,1.8556707
782,1.8580267,0.868889,1.1524346,0.40752167,1.8567818
784,1.860249,0.8711112,1.1546569,0.4097067,1.8590041
785,1.8613602,0.87222236,1.155768,0.41079953,1.8601153
786,1.8624713,0.87333345,1.1568792,0.41189256,1.8612264
787,1.8635825,0.87444454,1.1579903,0.41298577,1.8623376
788,1.8646936,0.8755557,1.1591015,0.4140792,1.8634487
789,1.8658048,0.8766668,1.1602126,0.4151728,1.8645599
790,1.866916,0.8777779,1.1613238,0.4162666,1.865671
791,1.8680271,0.878889,1.1624349,0.41736057,1.8667822
792,1.8691382,0.8800001,1.1635461,0.41845474,1.8678933
794,1.8713605,0.88222235,1.1657684,0.42064366,1.8701156
795,1.8724717,0.88333344,1.1668795,0.4217384,1.8712268
796,1.8735828,0.88444453,1.1679907,0.4228333,1.8723379
797,1.874694,0.8855557,1.1691018,0.42392838,1.8734491
798,1.8758051,0.8866668,1.170213,0.42502365,1.8745602
799,1.8769163,0.88777786,1.1713241,0.42611906,1.8756714
800,1.8780274,0.888889,1.1724353,0.42721465,1.8767825
801,1.8791386,0.8900001,1.1735464,0.42831042,1.8778937
802,1.8802497,0.89111125,1.1746576,0.42940634,1.8790048
804,1.882472,0.89333344,1.1768799,0.4315987,1.8812271
805,1.8835832,0.8944446,1.177991,0.43269512,1.8823383
806,1.8846943,0.8955557,1.1791022,0.4337917,1.8834494
807,1.8858055,0.89666677,1.1802133,0.43488845,1.8845606
808,1.8869166,0.8977779,1.1813245,0.43598536,1.8856717
809,1.8880278,0.898889,1.1824356,0.4370824,1.8867829
810,1.8891389,0.9000001,1.1835468,0.4381796,1.887894
811,1.8902501,0.90111125,1.1846579,0.43927696,1.8890052
812,1.8913612,0.90222234,1.1857691,0.44037446,1.8901163
814,1.8935835,0.9044446,1.1879914,0.4425699,1.8923386
815,1.8946947,0.90555567,1.1891025,0.44366786,1.8934498
816,1.8958058,0.90666676,1.1902137,0.44476596,1.8945609
817,1.896917,0.9077779,1.1913248,0.4458642,1.8956721
818,1.8980281,0.908889,1.192436,0.44696257,1.8967832
819,1.8991393,0.91000015,1.1935471,0.44806108,1.8978944
820,1.9002504,0.91111124,1.1946583,0.44915974,1.8990055
821,1.9013616,0.9122223,1.1957694,0.45025852,1.9001167
822,1.9024727,0.9133335,1.1968806,0.45135745,1.9012278
823,1.9035839,0.91444457,1.1979917,0.4524565,1.902339
825,1.9058062,0.9166668,1.200214,0.45465502,1.9045613
826,1.9069173,0.9177779,1.2013252,0.45575446,1.9056724
827,1.9080285,0.918889,1.2024363,0.45685405,1.9067836
828,1.9091396,0.92000014,1.2035475,0.45795375,1.9078947
829,1.9102508,0.9211112,1.2046586,0.45905358,1.9090059
830,1.9113619,0.9222223,1.2057698,0.46015352,1.910117
831,1.9124731,0.92333347,1.2068809,0.46125358,1.9112282
832,1.9135842,0.92444456,1.2079921,0.46235377,1.9123393
833,1.9146954,0.92555565,1.2091032,0.46345407,1.9134505
835,1.9169177,0.9277779,1.2113255,0.46565503,1.9156728
836,1.9180288,0.92888904,1.2124367,0.4667557,1.9167839
837,1.91914,0.9300001,1.2135478,0.46785647,1.9178951
838,1.9202511,0.9311112,1.214659,0.46895736,1.9190062
839,1.9213623,0.93222237,1.2157701,0.47005835,1.9201174
840,1.9224734,0.93333346,1.2168813,0.47115946,1.9212285
841,1.9235846,0.93444455,1.2179924,0.47226068,1.9223397
842,1.9246957,0.9355557,1.2191036,0.47336203,1.9234508
843,1.9258069,0.9366668,1.2202147,0.47446346,1.924562
845,1.9280292,0.938889,1.222437,0.47666666,1.9267843
846,1.9291403,0.9400001,1.2235482,0.47776842,1.9278954
847,1.9302515,0.9411112,1.2246593,0.47887027,1.9290066
848,1.9313626,0.94222236,1.2257705,0.4799722,1.9301177
849,1.9324738,0.94333345,1.2268816,0.48107427,1.9312289
850,1.9335849,0.94444454,1.2279928,0.48217642,1.93234
851,1.9346961,0.9455557,1.2291039,0.48327866,1.9334512
852,1.9358072,0.9466668,1.2302151,0.48438102,1.9345623
853,1.9369184,0.9477779,1.2313262,0.48548347,1.9356735
855,1.9391407,0.9500001,1.2335485,0.48768863,1.9378958
856,1.9402518,0.95111126,1.2346597,0.48879135,1.9390069
857,1.941363,0.95222235,1.2357708,0.48989418,1.9401181
858,1.9424741,0.95333344,1.236882,0.4909971,1.9412292
859,1.9435853,0.9544446,1.2379931,0.49210012,1.9423404
860,1.9446964,0.9555557,1.2391043,0.49320322,1.9434515
861,1.9458076,0.95666677,1.2402154,0.49430642,1.9445627
862,1.9469187,0.9577779,1.2413266,0.49540967,1.9456738
863,1.9480299,0.958889,1.2424377,0.496513,1.946785
865,1.9502522,0.96111125,1.24466,0.49871996,1.9490073
866,1.9513633,0.96222234,1.2457712,0.49982357,1.9501184
867,1.9524745,0.9633334,1.2468823,0.50092727,1.9512296
868,1.9535856,0.9644446,1.2479935,0.502031,1.9523407
869,1.9546968,0.96555567,1.2491046,0.5031349,1.9534519
870,1.9558079,0.9666668,1.2502158,0.50423884,1.954563
871,1.9569191,0.9677779,1.2513269,0.50534284,1.9556742
872,1.9580302,0.968889,1.2524381,0.5064469,1.9567853
873,1.9591414,0.97000015,1.2535492,0.5075511,1.9578965
875,1.9613637,0.9722223,1.2557715,0.5097596,1.9601188
876,1.9624748,0.9733335,1.2568827,0.510864,1.9612299
877,1.963586,0.97444457,1.2579938,0.5119685,1.9623411
878,1.9646971,0.97555566,1.259105,0.513073,1.9634522
879,1.9658083,0.9766668,1.2602161,0.5141776,1.9645634
880,1.9669194,0.9777779,1.2613273,0.5152823,1.9656745
881,1.9680306,0.978889,1.2624384,0.51638705,1.9667857
882,1.9691417,0.98000014,1.2635496,0.5174919,1.9678968
883,1.9702529,0.9811112,1.2646607,0.51859677,1.969008
884,1.971364,0.9822224,1.2657719,0.5197017,1.9701191
886,1.9735863,0.98444456,1.2679942,0.5219118,1.9723414
887,1.9746975,0.9855557,1.2691053,0.5230169,1.9734526
888,1.9758086,0.9866668,1.2702165,0.5241222,1.9745637
889,1.9769198,0.9877779,1.2713276,0.5252275,1.9756749
890,1.9780309,0.98888904,1.2724388,0.52633286,1.976786
891,1.9791421,0.9900001,1.2735499,0.5274383,1.9778972
892,1.9802532,0.9911112,1.2746611,0.5285438,1.9790083
893,1.9813644,0.99222237,1.2757722,0.5296493,1.9801195
894,1.9824755,0.99333346,1.2768834,0.5307549,1.9812306
896,1.9846978,0.9955557,1.2791057,0.5329663,1.9834529
897,1.985809,0.9966668,1.2802168,0.5340721,1.9845641
898,1.9869201,0.9977779,1.281328,0.53517795,1.9856752
899,1.9880313,0.998889,1.2824391,0.53628385,1.9867864
900,1.9891424,1.0000001,1.2835503,0.5373898,1.9878975
901,1.9902536,1.0011113,1.2846614,0.53849584,1.9890087
902,1.9913647,1.0022223,1.2857726,0.5396019,1.9901198
903,1.9924759,1.0033334,1.2868837,0.54070807,1.991231
904,1.993587,1.0044446,1.2879949,0.54181427,1.9923421
906,1.9958093,1.0066668,1.2902172,0.54402673,1.9945644
907,1.9969205,1.0077779,1.2913283,0.54513305,1.9956756
908,1.9980316,1.008889,1.2924395,0.54623944,1.9967867
909,1.9991428,1.0100001,1.2935506,0.5473459,1.9978979
910,2.000254,1.0111113,1.2946618,0.5484524,1.999009
911,,1.0122224,1.2957729,0.54955894,2.0001202
912,,1.0133334,1.2968841,0.55066556,
913,,1.0144446,1.2979952,0.5517722,
914,,1.0155557,1.2991064,0.55287886,
916,,1.0177779,1.3013287,0.5550924,
917,,1.0188891,1.3024398,0.55619925,
918,,1.0200001,1.303551,0.5573061,
919,,1.0211112,1.3046621,0.558413,
920,,1.0222224,1.3057733,0.55952,
921,,1.0233334,1.3068844,0.56062704,
922,,1.0244446,1.3079956,0.56173414,
923,,1.0255557,1.3091067,0.56284124,
924,,1.0266668,1.3102179,0.5639484,
926,,1.0288891,1.3124402,0.5661628,
927,,1.0300001,1.3135513,0.5672701,
928,,1.0311112,1.3146625,0.56837744,
929,,1.0322224,1.3157736,0.56948483,
930,,1.0333334,1.3168848,0.5705922,
931,,1.0344446,1.3179959,0.5716997,
932,,1.0355557,1.319107,0.5728072,
933,,1.0366668,1.3202182,0.5739147,
934,,1.0377779,1.3213294,0.5750223,
935,,1.038889,1.3224405,0.5761299,
937,,1.0411112,1.3246628,0.57834524,
938,,1.0422224,1.325774,0.579453,
939,,1.0433334,1.3268851,0.58056074,
940,,1.0444446,1.3279963,0.58166856,
941,,1.0455557,1.3291074,0.58277637,
942,,1.0466669,1.3302186,0.58388424,
943,,1.0477779,1.3313297,0.5849922,
944,,1.048889,1.3324409,0.5861001,
945,,1.0500002,1.333552,0.5872081,
947,,1.0522224,1.3357743,0.58942413,
948,,1.0533335,1.3368855,0.59053224,
949,,1.0544446,1.3379966,0.59164035,
950,,1.0555557,1.3391078,0.5927485,
951,,1.0566669,1.3402189,0.5938567,
952,,1.0577779,1.34133,0.5949649,
953,,1.058889,1.3424412,0.59607315,
954,,1.0600002,1.3435524,0.59718144,
955,,1.0611112,1.3446635,0.5982897,
957,,1.0633335,1.3468858,0.6005064,
958,,1.0644445,1.347997,0.60161483,
959,,1.0655557,1.3491081,0.60272324,
960,,1.0666668,1.3502192,0.6038317,
961,,1.0677779,1.3513304,0.6049402,
962,,1.068889,1.3524415,0.6060487,
963,,1.0700002,1.3535527,0.60715723,
964,,1.0711112,1.3546638,0.6082658,
965,,1.0722224,1.355775,0.6093744,
967,,1.0744445,1.3579973,0.6115917,
968,,1.0755557,1.3591084,0.6127004,
969,,1.0766668,1.3602196,0.6138091,
970,,1.0777779,1.3613307,0.6149179,
971,,1.078889,1.3624419,0.61602664,
972,,1.0800002,1.363553,0.6171354,
973,,1.0811112,1.3646642,0.61824423,
974,,1.0822223,1.3657753,0.61935306,
975,,1.0833335,1.3668865,0.62046194,
977,,1.0855557,1.3691088,0.6226797,
978,,1.0866668,1.37022,0.62378865,
979,,1.087778,1.3713311,0.6248976,
980,,1.088889,1.3724422,0.6260066,
981,,1.0900002,1.3735534,0.6271156,
982,,1.0911113,1.3746645,0.6282246,
983,,1.0922223,1.3757757,0.6293337,
984,,1.0933335,1.3768868,0.63044274,
985,,1.0944446,1.377998,0.63155186,
987,,1.0966668,1.3802203,0.6337701,
988,,1.097778,1.3813314,0.6348793,
989,,1.098889,1.3824426,0.6359885,
990,,1.1000001,1.3835537,0.63709766,
991,,1.1011113,1.3846649,0.6382069,
992,,1.1022223,1.385776,0.63931614,
993,,1.1033335,1.3868872,0.6404254,
994,,1.1044446,1.3879983,0.6415347,
995,,1.1055557,1.3891095,0.642644,
996,,1.1066668,1.3902206,0.6437533,
998,,1.108889,1.392443,0.645972,
999,,1.1100001,1.3935541,0.6470814,
1000,,1.1111113,1.3946652,0.6481908,
1001,,1.1122223,1.3957764,0.6493002,
1002,,1.1133335,1.3968875,0.65040964,
1003,,1.1144446,1.3979987,0.6515191,
1004,,1.1155556,1.3991098,0.6526286,
1005,,1.1166668,1.400221,0.6537381,
1006,,1.117778,1.4013321,0.6548476,
1008,,1.1200001,1.4035544,0.6570667,
1009,,1.1211113,1.4046656,0.6581763,
1010,,1.1222224,1.4057767,0.6592859,
1011,,1.1233335,1.4068879,0.6603955,
1012,,1.1244446,1.407999,0.6615051,
1013,,1.1255558,1.4091102,0.66261476,
1014,,1.1266668,1.4102213,0.6637244,
1015,,1.1277779,1.4113325,0.6648341,
1016,,1.1288891,1.4124436,0.66594374,
1018,,1.1311113,1.4146659,0.6681632,
1019,,1.1322224,1.4157771,0.6692729,
1020,,1.1333334,1.4168882,0.6703826,
1021,,1.1344446,1.4179994,0.6714924,
1022,,1.1355557,1.4191105,0.6726022,
1023,,1.1366668,1.4202217,0.67371196,
1024,,1.1377779,1.4213328,0.67482173,
1025,,1.1388891,1.422444,0.6759316,
1026,,1.1400001,1.4235551,0.6770414,
1028,,1.1422224,1.4257774,0.6792611,
1029,,1.1433334,1.4268886,0.680371,
1030,,1.1444446,1.4279997,0.6814809,
1031,,1.1455557,1.4291109,0.6825908,
1032,,1.1466668,1.430222,0.6837007,
1033,,1.1477779,1.4313332,0.68481064,
1034,,1.1488891,1.4324443,0.6859206,
1035,,1.1500001,1.4335555,0.68703055,
1036,,1.1511112,1.4346666,0.6881405,
1038,,1.1533334,1.4368889,0.6903605,
1039,,1.1544446,1.4380001,0.6914705,
1040,,1.1555557,1.4391112,0.6925805,
1041,,1.1566669,1.4402224,0.69369054,
1042,,1.1577779,1.4413335,0.69480056,
1043,,1.158889,1.4424447,0.69591063,
1044,,1.1600002,1.4435558,0.6970207,
1045,,1.1611112,1.444667,0.6981308,
1046,,1.1622224,1.4457781,0.69924086,
1048,,1.1644446,1.4480004,0.7014611,
1049,,1.1655557,1.4491116,0.7025712,
1050,,1.1666669,1.4502227,0.70368135,
1051,,1.1677779,1.4513339,0.7047915,
1052,,1.168889,1.452445,0.7059016,
1053,,1.1700002,1.4535562,0.70701176,
1054,,1.1711112,1.4546673,0.70812196,
1055,,1.1722224,1.4557785,0.70923215,
1056,,1.1733335,1.4568896,0.71034235,
1057,,1.1744446,1.4580008,0.71145254,
1059,,1.1766669,1.4602231,0.713673,
1060,,1.1777779,1.4613342,0.71478325,
1061,,1.178889,1.4624454,0.7158935,
1062,,1.1800002,1.4635565,0.71700376,
1063,,1.1811112,1.4646677,0.718114,
1064,,1.1822224,1.4657788,0.7192243,
1065,,1.1833335,1.46689,0.72033453,
1066,,1.1844445,1.4680011,0.72144485,
1067,,1.1855557,1.4691123,0.72255516,
1069,,1.1877779,1.4713346,0.7247758,
1070,,1.188889,1.4724457,0.7258861,
1071,,1.1900002,1.4735569,0.7269964,
1072,,1.1911112,1.474668,0.7281068,
1073,,1.1922224,1.4757792,0.7292172,
1074,,1.1933335,1.4768903,0.73032755,
1075,,1.1944447,1.4780015,0.7314379,
1076,,1.1955557,1.4791126,0.7325483,
1077,,1.1966668,1.4802238,0.7336587,
1079,,1.198889,1.4824461,0.7358794,
1080,,1.2000002,1.4835572,0.73698986,
1081,,1.2011113,1.4846684,0.7381003,
1082,,1.2022223,1.4857795,0.7392107,
1083,,1.2033335,1.4868907,0.74032116,
1084,,1.2044446,1.4880018,0.7414316,
1085,,1.2055557,1.489113,0.742542,
1086,,1.2066668,1.4902241,0.74365246,
1087,,1.207778,1.4913353,0.7447629,
1089,,1.2100002,1.4935576,0.7469839,
1090,,1.2111113,1.4946687,0.7480944,
1091,,1.2122223,1.4957799,0.7492049,
1092,,1.2133335,1.496891,0.75031537,
1093,,1.2144446,1.4980022,0.75142586,
1094,,1.2155557,1.4991133,0.75253636,
1095,,1.2166668,1.5002245,0.75364685,
1096,,1.217778,1.5013356,0.7547574,
1097,,1.218889,1.5024468,0.75586796,
1099,,1.2211113,1.5046691,0.75808907,
1100,,1.2222223,1.5057802,0.7591996,
1101,,1.2233335,1.5068914,0.7603102,
1102,,1.2244446,1.5080025,0.7614207,
1103,,1.2255557,1.5091137,0.7625313,
1104,,1.2266668,1.5102248,0.76364183,
1105,,1.227778,1.511336,0.7647524,
1106,,1.228889,1.5124471,0.765863,
1107,,1.2300001,1.5135583,0.7669736,
1109,,1.2322224,1.5157806,0.76919484,
1110,,1.2333335,1.5168917,0.77030545,
1111,,1.2344446,1.5180029,0.77141607,
1112,,1.2355558,1.519114,0.7725267,
1113,,1.2366668,1.5202252,0.7736373,
1114,,1.237778,1.5213363,0.7747479,
1115,,1.2388891,1.5224475,0.7758585,
1116,,1.2400001,1.5235586,0.77696913,
1117,,1.2411113,1.5246698,0.7780798,
1118,,1.2422224,1.5257809,0.7791905,
1120,,1.2444446,1.5280032,0.7814118,
1121,,1.2455558,1.5291144,0.7825225,
1122,,1.2466668,1.5302255,0.7836332,
1123,,1.2477779,1.5313367,0.78474385,
1124,,1.2488891,1.5324478,0.7858545,
1125,,1.2500001,1.533559,0.7869652,
1126,,1.2511113,1.5346701,0.78807586,
1127,,1.2522224,1.5357813,0.78918654,
1128,,1.2533334,1.5368924,0.7902972,
1130,,1.2555557,1.5391147,0.7925187,
1131,,1.2566668,1.5402259,0.7936294,
1132,,1.2577779,1.541337,0.79474014,
1133,,1.2588891,1.5424482,0.7958509,
1134,,1.2600001,1.5435593,0.7969616,
1135,,1.2611113,1.5446705,0.79807234,
1136,,1.2622224,1.5457816,0.7991831,
1137,,1.2633334,1.5468928,0.8002938,
1138,,1.2644446,1.5480039,0.80140454,
1140,,1.2666669,1.5502262,0.803626,
1141,,1.2677779,1.5513374,0.80473673,
1142,,1.2688891,1.5524485,0.80584747,
1143,,1.2700002,1.5535597,0.80695826,
1144,,1.2711112,1.5546708,0.80806905,
1145,,1.2722224,1.555782,0.80917984,
1146,,1.2733335,1.5568931,0.81029063,
1147,,1.2744446,1.5580043,0.8114014,
1148,,1.2755557,1.5591154,0.8125122,
1150,,1.2777779,1.5613377,0.8147338,
1151,,1.2788891,1.5624489,0.8158446,
1152,,1.2800002,1.56356,0.8169554,
1153,,1.2811112,1.5646712,0.8180662,
1154,,1.2822224,1.5657823,0.819177,
1155,,1.2833335,1.5668935,0.82028776,
1156,,1.2844446,1.5680046,0.82139856,
1157,,1.2855557,1.5691158,0.82250935,
1158,,1.2866669,1.5702269,0.82362014,
1160,,1.288889,1.5724492,0.8258418,
1161,,1.2900002,1.5735604,0.82695264,
1162,,1.2911112,1.5746715,0.8280635,
1163,,1.2922224,1.5757827,0.82917434,
1164,,1.2933335,1.5768938,0.8302852,
1165,,1.2944446,1.578005,0.83139604,
1166,,1.2955557,1.5791161,0.8325069,
1167,,1.2966669,1.5802273,0.83361775,
1168,,1.2977779,1.5813384,0.8347286,
1169,,1.298889,1.5824496,0.83583945,
1171,,1.3011112,1.5846719,0.83806115,
1172,,1.3022224,1.585783,0.839172,
1173,,1.3033335,1.5868942,0.84028286,
1174,,1.3044447,1.5880053,0.8413937,
1175,,1.3055557,1.5891165,0.84250456,
1176,,1.3066669,1.5902276,0.8436154,
1177,,1.307778,1.5913388,0.84472626,
1178,,1.308889,1.5924499,0.8458371,
1179,,1.3100002,1.593561,0.84694797,
1181,,1.3122224,1.5957834,0.84916973,
1182,,1.3133335,1.5968945,0.85028064,
1183,,1.3144447,1.5980057,0.85139155,
1184,,1.3155557,1.5991168,0.85250247,
1185,,1.3166668,1.600228,0.8536134,
1186,,1.317778,1.6013391,0.8547243,
1187,,1.318889,1.6024503,0.8558352,
1188,,1.3200002,1.6035614,0.8569461,
1189,,1.3211113,1.6046726,0.858057,
1191,,1.3233335,1.6068949,0.86027884,
1192,,1.3244447,1.608006,0.86138976,
1193,,1.3255557,1.6091172,0.86250067,
1194,,1.3266668,1.6102283,0.8636116,
1195,,1.327778,1.6113394,0.8647225,
1196,,1.328889,1.6124506,0.8658334,
1197,,1.3300002,1.6135617,0.8669443,
1198,,1.3311113,1.6146729,0.8680552,
1199,,1.3322223,1.615784,0.86916614,
1201,,1.3344446,1.6180063,0.87138796,
1202,,1.3355557,1.6191175,0.87249887,
1203,,1.3366668,1.6202286,0.8736098,
1204,,1.337778,1.6213398,0.8747207,
1205,,1.338889,1.622451,0.8758316,
1206,,1.3400002,1.6235621,0.8769425,
1207,,1.3411113,1.6246732,0.8780534,
1208,,1.3422225,1.6257844,0.8791644,
1209,,1.3433335,1.6268955,0.88027537,
1211,,1.3455558,1.6291178,0.8824973,
1212,,1.3466668,1.630229,0.8836083,
1213,,1.347778,1.6313401,0.88471925,
1214,,1.3488891,1.6324513,0.8858302,
1215,,1.3500001,1.6335624,0.8869412,
1216,,1.3511113,1.6346736,0.88805217,
1217,,1.3522224,1.6357847,0.88916314,
1218,,1.3533335,1.6368959,0.8902741,
1219,,1.3544446,1.638007,0.8913851,
1221,,1.3566668,1.6402293,0.893607,
1222,,1.357778,1.6413405,0.894718,
1223,,1.3588891,1.6424516,0.89582896,
1224,,1.3600001,1.6435628,0.89693993,
1225,,1.3611113,1.644674,0.8980509,
1226,,1.3622224,1.6457851,0.8991619,
1227,,1.3633335,1.6468962,0.90027285,
1228,,1.3644446,1.6480074,0.9013838,
1229,,1.3655558,1.6491185,0.9024948,
1230,,1.3666668,1.6502297,0.90360576,
1232,,1.3688891,1.652452,0.9058277,
1233,,1.3700001,1.6535631,0.9069387,
1234,,1.3711113,1.6546743,0.90804964,
1235,,1.3722224,1.6557854,0.9091606,
1236,,1.3733335,1.6568966,0.9102716,
1237,,1.3744446,1.6580077,0.91138256,
1238,,1.3755558,1.6591189,0.9124935,
1239,,1.3766669,1.66023,0.9136045,
1240,,1.3777779,1.6613412,0.91471547,
1242,,1.3800002,1.6635635,0.9169374,
1243,,1.3811113,1.6646746,0.9180484,
1244,,1.3822224,1.6657858,0.91915935,
1245,,1.3833336,1.6668969,0.9202703,
1246,,1.3844446,1.6680081,0.9213813,
1247,,1.3855557,1.6691192,0.9224923,
1248,,1.3866669,1.6702304,0.92360336,
1249,,1.3877779,1.6713415,0.9247144,
1250,,1.3888891,1.6724527,0.9258254,
1252,,1.3911113,1.674675,0.9280475,
1253,,1.3922224,1.6757861,0.9291585,
1254,,1.3933336,1.6768973,0.93026954,
1255,,1.3944446,1.6780084,0.93138057,
1256,,1.3955557,1.6791196,0.9324916,
1257,,1.3966669,1.6802307,0.93360263,
1258,,1.3977779,1.6813419,0.93471366,
1259,,1.3988891,1.682453,0.9358247,
1260,,1.4000002,1.6835642,0.9369357,
1262,,1.4022224,1.6857865,0.9391578,
1263,,1.4033335,1.6868976,0.9402688,
1264,,1.4044446,1.6880088,0.94137985,
1265,,1.4055557,1.6891199,0.9424909,
1266,,1.4066669,1.6902311,0.9436019,
1267,,1.4077779,1.6913422,0.94471294,
1268,,1.408889,1.6924534,0.94582397,
1269,,1.4100002,1.6935645,0.946935,
1270,,1.4111112,1.6946757,0.948046,
1272,,1.4133335,1.696898,0.9502681,
1273,,1.4144447,1.6980091,0.9513791,
1274,,1.4155557,1.6991203,0.95249015,
1275,,1.4166669,1.7002314,0.9536012,
1276,,1.417778,1.7013426,0.9547122,
1277,,1.418889,1.7024537,0.95582324,
1278,,1.4200002,1.7035649,0.9569343,
1279,,1.4211113,1.704676,0.9580453,
1280,,1.4222224,1.7057872,0.95915633,
1282,,1.4244447,1.7080095,0.9613784,
1283,,1.4255557,1.7091206,0.9624894,
1284,,1.4266669,1.7102318,0.96360046,
1285,,1.427778,1.7113429,0.9647115,
1286,,1.428889,1.7124541,0.9658225,
1287,,1.4300002,1.7135652,0.96693355,
1288,,1.4311113,1.7146764,0.9680446,
1289,,1.4322224,1.7157875,0.9691556,
1290,,1.4333335,1.7168987,0.97026664,
1291,,1.4344447,1.7180098,0.9713777,
1293,,1.4366668,1.7202321,0.97359973,
1294,,1.437778,1.7213433,0.97471076,
1295,,1.438889,1.7224544,0.9758218,
1296,,1.4400002,1.7235656,0.9769328,
1297,,1.4411113,1.7246767,0.97804385,
1298,,1.4422224,1.7257879,0.9791549,
1299,,1.4433335,1.726899,0.9802659,
1300,,1.4444447,1.7280102,0.98137695,
1301,,1.4455557,1.7291213,0.982488,
1303,,1.447778,1.7313436,0.98471004,
1304,,1.448889,1.7324548,0.98582107,
1305,,1.4500002,1.7335659,0.9869321,
1306,,1.4511113,1.7346771,0.9880431,
1307,,1.4522225,1.7357882,0.98915416,
1308,,1.4533335,1.7368994,0.9902652,
1309,,1.4544446,1.7380105,0.9913762,
1310,,1.4555558,1.7391217,0.99248725,
1311,,1.4566668,1.7402328,0.9935983,
1313,,1.4588891,1.7424551,0.99582034,
1314,,1.4600002,1.7435663,0.9969314,
1315,,1.4611113,1.7446774,0.9980424,
1316,,1.4622225,1.7457886,0.99915344,
1317,,1.4633335,1.7468997,1.0002645,
1318,,1.4644446,1.7480109,1.0013756,
1319,,1.4655558,1.749122,1.0024866,
1320,,1.4666668,1.7502332,1.0035976,
1321,,1.467778,1.7513443,1.0047086,
1323,,1.4700001,1.7535666,1.0069307,
1324,,1.4711113,1.7546778,1.0080417,
1325,,1.4722224,1.7557889,1.0091528,
1326,,1.4733335,1.7569001,1.0102638,
1327,,1.4744446,1.7580112,1.0113748,
1328,,1.4755558,1.7591224,1.0124859,
1329,,1.4766668,1.7602335,1.0135969,
1330,,1.477778,1.7613447,1.0147079,
1331,,1.4788891,1.7624558,1.015819,
1333,,1.4811113,1.7646781,1.018041,
1334,,1.4822224,1.7657893,1.019152,
1335,,1.4833335,1.7669004,1.0202631,
1336,,1.4844446,1.7680116,1.0213741,
1337,,1.4855558,1.7691227,1.0224851,
1338,,1.4866669,1.7702339,1.0235962,
1339,,1.487778,1.771345,1.0247072,
1340,,1.4888891,1.7724562,1.0258182,
1341,,1.4900002,1.7735673,1.0269293,
1342,,1.4911113,1.7746785,1.0280403,
1344,,1.4933336,1.7769008,1.0302624,
1345,,1.4944446,1.7780119,1.0313734,
1346,,1.4955558,1.7791231,1.0324844,
1347,,1.4966669,1.7802342,1.0335954,
1348,,1.4977779,1.7813454,1.0347065,
1349,,1.4988891,1.7824565,1.0358175,
1350,,1.5000002,1.7835677,1.0369285,
1351,,1.5011113,1.7846788,1.0380396,
1352,,1.5022224,1.78579,1.0391506,
1354,,1.5044446,1.7880123,1.0413727,
1355,,1.5055557,1.7891234,1.0424837,
1356,,1.5066669,1.7902346,1.0435947,
1357,,1.5077779,1.7913457,1.0447057,
1358,,1.5088891,1.7924569,1.0458168,
1359,,1.5100002,1.793568,1.0469278,
1360,,1.5111113,1.7946792,1.0480388,
1361,,1.5122224,1.7957903,1.0491499,
1362,,1.5133336,1.7969015,1.0502609,
1364,,1.5155557,1.7991238,1.052483,
1365,,1.5166669,1.8002349,1.053594,
1366,,1.5177779,1.8013461,1.054705,
1367,,1.5188891,1.8024572,1.055816,
1368,,1.5200002,1.8035684,1.0569271,
1369,,1.5211112,1.8046795,1.0580381,
1370,,1.5222224,1.8057907,1.0591491,
1371,,1.5233335,1.8069018,1.0602602,
1372,,1.5244447,1.808013,1.0613712,
1374,,1.5266669,1.8102353,1.0635933,
1375,,1.527778,1.8113464,1.0647043,
1376,,1.5288891,1.8124576,1.0658153,
1377,,1.5300002,1.8135687,1.0669264,
1378,,1.5311114,1.8146799,1.0680374,
1379,,1.5322224,1.815791,1.0691484,
1380,,1.5333335,1.8169022,1.0702595,
1381,,1.5344447,1.8180133,1.0713705,
1382,,1.5355557,1.8191245,1.0724815,
1384,,1.537778,1.8213468,1.0747036,
1385,,1.538889,1.8224579,1.0758146,
1386,,1.5400002,1.823569,1.0769256,
1387,,1.5411114,1.8246802,1.0780367,
1388,,1.5422224,1.8257914,1.0791477,
1389,,1.5433335,1.8269025,1.0802587,
1390,,1.5444447,1.8280137,1.0813698,
1391,,1.5455557,1.8291248,1.0824808,
1392,,1.5466669,1.830236,1.0835918,
1394,,1.548889,1.8324583,1.0858139,
1395,,1.5500002,1.8335694,1.0869249,
1396,,1.5511113,1.8346806,1.0880361,
1397,,1.5522224,1.8357917,1.0891472,
1398,,1.5533335,1.8369029,1.0902584,
1399,,1.5544447,1.838014,1.0913695,
1400,,1.5555557,1.8391252,1.0924807,
1401,,1.5566669,1.8402363,1.0935918,
1402,,1.557778,1.8413475,1.094703,
1403,,1.558889,1.8424586,1.0958141,
1405,,1.5611113,1.8446809,1.0980364,
1406,,1.5622225,1.845792,1.0991476,
1407,,1.5633335,1.8469032,1.1002587,
1408,,1.5644447,1.8480144,1.1013699,
1409,,1.5655558,1.8491255,1.102481,
1410,,1.5666668,1.8502367,1.1035922,
1411,,1.567778,1.8513478,1.1047033,
1412,,1.5688891,1.852459,1.1058145,
1413,,1.5700002,1.8535701,1.1069256,
1415,,1.5722225,1.8557924,1.1091479,
1416,,1.5733335,1.8569036,1.110259,
1417,,1.5744447,1.8580147,1.1113702,
1418,,1.5755558,1.8591259,1.1124814,
1419,,1.5766668,1.860237,1.1135925,
1420,,1.577778,1.8613482,1.1147037,
1421,,1.5788891,1.8624593,1.1158148,
1422,,1.5800002,1.8635705,1.116926,
1423,,1.5811113,1.8646816,1.1180371,
1425,,1.5833335,1.8669039,1.1202594,
1426,,1.5844446,1.868015,1.1213706,
1427,,1.5855558,1.8691262,1.1224817,
1428,,1.5866668,1.8702374,1.1235929,
1429,,1.587778,1.8713485,1.124704,
1430,,1.5888891,1.8724597,1.1258152,
1431,,1.5900002,1.8735708,1.1269263,
1432,,1.5911113,1.874682,1.1280375,
1433,,1.5922225,1.8757931,1.1291486,
1435,,1.5944446,1.8780154,1.1313709,
1436,,1.5955558,1.8791265,1.132482,
1437,,1.5966669,1.8802377,1.1335932,
1438,,1.597778,1.8813488,1.1347044,
1439,,1.5988891,1.88246,1.1358155,
1440,,1.6000003,1.8835711,1.1369267,
1441,,1.6011113,1.8846823,1.1380378,
1442,,1.6022224,1.8857934,1.139149,
1443,,1.6033336,1.8869046,1.1402601,
1445,,1.6055558,1.8891269,1.1424824,
1446,,1.6066669,1.890238,1.1435935,
1447,,1.607778,1.8913492,1.1447047,
1448,,1.6088891,1.8924603,1.1458158,
1449,,1.6100003,1.8935715,1.146927,
1450,,1.6111113,1.8946826,1.1480381,
1451,,1.6122224,1.8957938,1.1491493,
1452,,1.6133336,1.896905,1.1502604,
1453,,1.6144446,1.8980161,1.1513716,
1455,,1.6166669,1.9002384,1.1535939,
1456,,1.617778,1.9013495,1.154705,
1457,,1.6188891,1.9024607,1.1558162,
1458,,1.6200002,1.9035718,1.1569273,
1459,,1.6211113,1.904683,1.1580385,
1460,,1.6222224,1.9057941,1.1591496,
1461,,1.6233336,1.9069053,1.1602608,
1462,,1.6244446,1.9080164,1.161372,
1463,,1.6255558,1.9091276,1.1624831,
1464,,1.6266669,1.9102387,1.1635942,
1466,,1.6288891,1.912461,1.1658165,
1467,,1.6300002,1.9135722,1.1669277,
1468,,1.6311113,1.9146833,1.1680388,
1469,,1.6322224,1.9157945,1.16915,
1470,,1.6333336,1.9169056,1.1702611,
1471,,1.6344447,1.9180168,1.1713723,
1472,,1.6355557,1.919128,1.1724834,
1473,,1.6366669,1.9202391,1.1735946,
1474,,1.637778,1.9213502,1.1747057,
1476,,1.6400002,1.9235725,1.176928,
1477,,1.6411114,1.9246837,1.1780392,
1478,,1.6422224,1.9257948,1.1791503,
1479,,1.6433336,1.926906,1.1802615,
1480,,1.6444447,1.9280171,1.1813726,
1481,,1.6455557,1.9291283,1.1824838,
1482,,1.6466669,1.9302394,1.183595,
1483,,1.647778,1.9313506,1.1847061,
1484,,1.6488891,1.9324617,1.1858172,
1486,,1.6511114,1.934684,1.1880395,
1487,,1.6522224,1.9357952,1.1891507,
1488,,1.6533335,1.9369063,1.1902618,
1489,,1.6544447,1.9380175,1.191373,
1490,,1.6555557,1.9391286,1.1924841,
1491,,1.6566669,1.9402398,1.1935953,
1492,,1.657778,1.9413509,1.1947064,
1493,,1.658889,1.9424621,1.1958176,
1494,,1.6600002,1.9435732,1.1969287,
1496,,1.6622224,1.9457955,1.199151,
1497,,1.6633335,1.9469067,1.2002622,
1498,,1.6644447,1.9480178,1.2013733,
1499,,1.6655557,1.949129,1.2024845,
1500,,1.6666669,1.9502401,1.2035956,
1501,,1.667778,1.9513513,1.2047068,
1502,,1.668889,1.9524624,1.2058179,
1503,,1.6700002,1.9535736,1.2069291,
1504,,1.6711113,1.9546847,1.2080402,
1506,,1.6733335,1.956907,1.2102625,
1507,,1.6744447,1.9580182,1.2113737,
1508,,1.6755558,1.9591293,1.2124848,
1509,,1.6766669,1.9602405,1.213596,
1510,,1.677778,1.9613516,1.2147071,
1511,,1.6788892,1.9624628,1.2158183,
1512,,1.6800002,1.9635739,1.2169294,
1513,,1.6811113,1.9646851,1.2180406,
1514,,1.6822225,1.9657962,1.2191517,
1516,,1.6844447,1.9680185,1.221374,
1517,,1.6855558,1.9691297,1.2224852,
1518,,1.6866668,1.9702408,1.2235963,
1519,,1.687778,1.971352,1.2247075,
1520,,1.6888891,1.9724631,1.2258186,
1521,,1.6900002,1.9735743,1.2269298,
1522,,1.6911113,1.9746854,1.2280409,
1523,,1.6922225,1.9757966,1.2291521,
1524,,1.6933335,1.9769077,1.2302632,
1525,,1.6944447,1.9780189,1.2313744,
1527,,1.6966668,1.9802412,1.2335967,
1528,,1.697778,1.9813523,1.2347078,
1529,,1.6988891,1.9824635,1.235819,
1530,,1.7000002,1.9835746,1.2369301,
1531,,1.7011113,1.9846858,1.2380413,
1532,,1.7022225,1.9857969,1.2391524,
1533,,1.7033335,1.9869081,1.2402636,
1534,,1.7044446,1.9880192,1.2413747,
1535,,1.7055558,1.9891304,1.2424859,
1537,,1.707778,1.9913527,1.2447082,
1538,,1.7088891,1.9924638,1.2458193,
1539,,1.7100003,1.993575,1.2469305,
1540,,1.7111113,1.9946861,1.2480416,
1541,,1.7122225,1.9957973,1.2491528,
1542,,1.7133336,1.9969084,1.2502639,
1543,,1.7144446,1.9980196,1.2513751,
1544,,1.7155558,1.9991307,1.2524862,
1545,,1.7166669,2.0002418,1.2535974,
1547,,1.7188891,,1.2558197,
1548,,1.7200003,,1.2569308,
1549,,1.7211113,,1.258042,
1550,,1.7222224,,1.2591531,
1551,,1.7233336,,1.2602643,
1552,,1.7244446,,1.2613754,
1553,,1.7255558,,1.2624866,
1554,,1.7266669,,1.2635977,
1555,,1.727778,,1.2647089,
1557,,1.7300003,,1.2669312,
1558,,1.7311113,,1.2680423,
1559,,1.7322224,,1.2691535,
1560,,1.7333336,,1.2702646,
1561,,1.7344446,,1.2713758,
1562,,1.7355558,,1.2724869,
1563,,1.7366669,,1.2735981,
1564,,1.737778,,1.2747092,
1565,,1.7388891,,1.2758204,
1567,,1.7411113,,1.2780427,
1568,,1.7422224,,1.2791538,
1569,,1.7433336,,1.280265,
1570,,1.7444447,,1.2813761,
1571,,1.7455558,,1.2824873,
1572,,1.7466669,,1.2835984,
1573,,1.747778,,1.2847096,
1574,,1.7488891,,1.2858207,
1575,,1.7500002,,1.2869319,
1576,,1.7511114,,1.288043,
1578,,1.7533336,,1.2902653,
1579,,1.7544447,,1.2913765,
1580,,1.7555557,,1.2924876,
1581,,1.7566669,,1.2935988,
1582,,1.757778,,1.2947099,
1583,,1.7588891,,1.2958211,
1584,,1.7600002,,1.2969322,
1585,,1.7611114,,1.2980434,
1586,,1.7622224,,1.2991545,
1588,,1.7644447,,1.3013768,
1589,,1.7655557,,1.302488,
1590,,1.7666669,,1.3035991,
1591,,1.767778,,1.3047103,
1592,,1.7688891,,1.3058214,
1593,,1.7700002,,1.3069326,
1594,,1.7711114,,1.3080437,
1595,,1.7722224,,1.3091549,
1596,,1.7733335,,1.310266,
1598,,1.7755557,,1.3124883,
1599,,1.7766669,,1.3135995,
1600,,1.777778,,1.3147106,
1601,,1.7788891,,1.3158218,
1602,,1.7800002,,1.3169329,
1603,,1.7811114,,1.3180441,
1604,,1.7822225,,1.3191552,
1605,,1.7833335,,1.3202664,
1606,,1.7844447,,1.3213775,
1608,,1.7866669,,1.3235998,
1609,,1.787778,,1.324711,
1610,,1.7888892,,1.3258221,
1611,,1.7900002,,1.3269333,
1612,,1.7911114,,1.3280444,
1613,,1.7922225,,1.3291556,
1614,,1.7933335,,1.3302667,
1615,,1.7944447,,1.3313779,
1616,,1.7955558,,1.332489,
1618,,1.797778,,1.3347113,
1619,,1.7988892,,1.3358225,
1620,,1.8000002,,1.3369336,
1621,,1.8011113,,1.3380448,
1622,,1.8022225,,1.3391559,
1623,,1.8033335,,1.3402671,
1624,,1.8044447,,1.3413782,
1625,,1.8055558,,1.3424894,
1626,,1.8066669,,1.3436005,
1628,,1.8088892,,1.3458228,
1629,,1.8100002,,1.346934,
1630,,1.8111113,,1.3480451,
1631,,1.8122225,,1.3491563,
1632,,1.8133335,,1.3502674,
1633,,1.8144447,,1.3513786,
1634,,1.8155558,,1.3524897,
1635,,1.8166668,,1.3536009,
1636,,1.817778,,1.354712,
1637,,1.8188891,,1.3558232,
1639,,1.8211113,,1.3580455,
1640,,1.8222225,,1.3591566,
1641,,1.8233336,,1.3602678,
1642,,1.8244447,,1.3613789,
1643,,1.8255558,,1.36249,
1644,,1.826667,,1.3636012,
1645,,1.827778,,1.3647124,
1646,,1.8288891,,1.3658235,
1647,,1.8300003,,1.3669347,
1649,,1.8322225,,1.369157,
1650,,1.8333336,,1.3702681,
1651,,1.8344446,,1.3713793,
1652,,1.8355558,,1.3724904,
1653,,1.836667,,1.3736016,
1654,,1.837778,,1.3747127,
1655,,1.8388891,,1.3758239,
1656,,1.8400003,,1.376935,
1657,,1.8411113,,1.3780462,
1659,,1.8433336,,1.3802685,
1660,,1.8444446,,1.3813796,
1661,,1.8455558,,1.3824908,
1662,,1.8466669,,1.3836019,
1663,,1.847778,,1.384713,
1664,,1.8488891,,1.3858242,
1665,,1.8500003,,1.3869354,
1666,,1.8511113,,1.3880465,
1667,,1.8522224,,1.3891577,
1669,,1.8544447,,1.39138,
1670,,1.8555558,,1.3924911,
1671,,1.8566669,,1.3936023,
1672,,1.8577781,,1.3947134,
1673,,1.8588891,,1.3958246,
1674,,1.8600003,,1.3969357,
1675,,1.8611114,,1.3980469,
1676,,1.8622224,,1.399158,
1677,,1.8633336,,1.4002692,
1679,,1.8655558,,1.4024915,
1680,,1.8666669,,1.4036026,
1681,,1.8677781,,1.4047137,
1682,,1.8688891,,1.4058249,
1683,,1.8700002,,1.406936,
1684,,1.8711114,,1.4080472,
1685,,1.8722224,,1.4091583,
1686,,1.8733336,,1.4102695,
1687,,1.8744447,,1.4113806,
1689,,1.8766669,,1.413603,
1690,,1.877778,,1.4147141,
1691,,1.8788891,,1.4158252,
1692,,1.8800002,,1.4169364,
1693,,1.8811114,,1.4180475,
1694,,1.8822224,,1.4191587,
1695,,1.8833336,,1.4202698,
1696,,1.8844447,,1.421381,
1697,,1.8855557,,1.4224921,
1698,,1.8866669,,1.4236033,
1700,,1.8888891,,1.4258256,
1701,,1.8900002,,1.4269367,
1702,,1.8911114,,1.4280479,
1703,,1.8922225,,1.429159,
1704,,1.8933336,,1.4302702,
1705,,1.8944447,,1.4313813,
1706,,1.8955559,,1.4324925,
1707,,1.8966669,,1.4336036,
1708,,1.897778,,1.4347148,
1710,,1.9000002,,1.4369371,
1711,,1.9011114,,1.4380482,
1712,,1.9022225,,1.4391594,
1713,,1.9033335,,1.4402705,
1714,,1.9044447,,1.4413817,
1715,,1.9055558,,1.4424928,
1716,,1.9066669,,1.443604,
1717,,1.907778,,1.4447151,
1718,,1.9088892,,1.4458263,
1720,,1.9111114,,1.4480486,
1721,,1.9122225,,1.4491597,
1722,,1.9133335,,1.4502709,
1723,,1.9144447,,1.451382,
1724,,1.9155558,,1.4524932,
1725,,1.9166669,,1.4536043,
1726,,1.917778,,1.4547155,
1727,,1.9188892,,1.4558266,
1728,,1.9200002,,1.4569378,
1730,,1.9222225,,1.4591601,
1731,,1.9233335,,1.4602712,
1732,,1.9244447,,1.4613824,
1733,,1.9255558,,1.4624935,
1734,,1.9266669,,1.4636047,
1735,,1.927778,,1.4647158,
1736,,1.9288892,,1.465827,
1737,,1.9300003,,1.4669381,
1738,,1.9311113,,1.4680493,
1740,,1.9333336,,1.4702716,
1741,,1.9344447,,1.4713827,
1742,,1.9355558,,1.4724939,
1743,,1.936667,,1.473605,
1744,,1.937778,,1.4747162,
1745,,1.9388891,,1.4758273,
1746,,1.9400003,,1.4769385,
1747,,1.9411113,,1.4780496,
1748,,1.9422225,,1.4791608,
1750,,1.9444447,,1.4813831,
1751,,1.9455558,,1.4824942,
1752,,1.946667,,1.4836054,
1753,,1.947778,,1.4847165,
1754,,1.9488891,,1.4858277,
1755,,1.9500003,,1.4869388,
1756,,1.9511113,,1.48805,
1757,,1.9522225,,1.4891611,
1758,,1.9533336,,1.4902723,
1759,,1.9544446,,1.4913834,
1761,,1.956667,,1.4936057,
1762,,1.957778,,1.4947169,
1763,,1.9588891,,1.495828,
1764,,1.9600003,,1.4969392,
1765,,1.9611113,,1.4980503,
1766,,1.9622225,,1.4991615,
1767,,1.9633336,,1.5002726,
1768,,1.9644448,,1.5013838,
1769,,1.9655558,,1.5024949,
1771,,1.9677781,,1.5047172,
1772,,1.9688891,,1.5058284,
1773,,1.9700003,,1.5069395,
1774,,1.9711114,,1.5080507,
1775,,1.9722224,,1.5091618,
1776,,1.9733336,,1.510273,
1777,,1.9744447,,1.5113841,
1778,,1.9755558,,1.5124953,
1779,,1.9766669,,1.5136064,
1781,,1.9788891,,1.5158287,
1782,,1.9800003,,1.5169399,
1783,,1.9811114,,1.518051,
1784,,1.9822224,,1.5191622,
1785,,1.9833336,,1.5202733,
1786,,1.9844447,,1.5213845,
1787,,1.9855558,,1.5224956,
1788,,1.9866669,,1.5236068,
1789,,1.9877781,,1.5247179,
1791,,1.9900002,,1.5269402,
1792,,1.9911114,,1.5280514,
1793,,1.9922224,,1.5291625,
1794,,1.9933336,,1.5302737,
1795,,1.9944447,,1.5313848,
1796,,1.9955558,,1.532496,
1797,,1.9966669,,1.5336071,
1798,,1.997778,,1.5347183,
1799,,1.9988891,,1.5358294,
1801,,,,1.5380517,
1802,,,,1.5391629,
1803,,,,1.540274,
1804,,,,1.5413852,
1805,,,,1.5424963,
1806,,,,1.5436075,
1807,,,,1.5447186,
1808,,,,1.5458298,
1809,,,,1.5469409,
1810,,,,1.5480521,
1812,,,,1.5502744,
1813,,,,1.5513855,
1814,,,,1.5524967,
1815,,,,1.5536078,
1816,,,,1.554719,
1817,,,,1.5558301,
1818,,,,1.5569413,
1819,,,,1.5580524,
1820,,,,1.5591636,
1822,,,,1.5613859,
1823,,,,1.562497,
1824,,,,1.5636082,
1825,,,,1.5647193,
1826,,,,1.5658305,
1827,,,,1.5669416,
1828,,,,1.5680528,
1829,,,,1.5691639,
1830,,,,1.5702751,
1832,,,,1.5724974,
1833,,,,1.5736085,
1834,,,,1.5747197,
1835,,,,1.5758308,
1836,,,,1.576942,
1837,,,,1.5780531,
1838,,,,1.5791643,
1839,,,,1.5802754,
1840,,,,1.5813866,
1842,,,,1.5836089,
1843,,,,1.58472,
1844,,,,1.5858312,
1845,,,,1.5869423,
1846,,,,1.5880535,
1847,,,,1.5891646,
1848,,,,1.5902758,
1849,,,,1.5913869,
1850,,,,1.5924981,
1852,,,,1.5947204,
1853,,,,1.5958315,
1854,,,,1.5969427,
1855,,,,1.5980538,
1856,,,,1.599165,
1857,,,,1.6002761,
1858,,,,1.6013873,
1859,,,,1.6024984,
1860,,,,1.6036096,
1862,,,,1.6058319,
1863,,,,1.606943,
1864,,,,1.6080542,
1865,,,,1.6091653,
1866,,,,1.6102765,
1867,,,,1.6113876,
1868,,,,1.6124988,
1869,,,,1.6136099,
1870,,,,1.6147211,
1871,,,,1.6158322,
1873,,,,1.6180545,
1874,,,,1.6191657,
1875,,,,1.6202768,
1876,,,,1.621388,
1877,,,,1.6224991,
1878,,,,1.6236103,
1879,,,,1.6247214,
1880,,,,1.6258326,
1881,,,,1.6269437,
1883,,,,1.629166,
1884,,,,1.6302772,
1885,,,,1.6313883,
1886,,,,1.6324995,
1887,,,,1.6336106,
1888,,,,1.6347218,
1889,,,,1.6358329,
1890,,,,1.636944,
1891,,,,1.6380552,
1893,,,,1.6402775,
1894,,,,1.6413887,
1895,,,,1.6424998,
1896,,,,1.643611,
1897,,,,1.6447221,
1898,,,,1.6458333,
1899,,,,1.6469444,
1900,,,,1.6480556,
1901,,,,1.6491667,
1903,,,,1.651389,
1904,,,,1.6525002,
1905,,,,1.6536113,
1906,,,,1.6547225,
1907,,,,1.6558336,
1908,,,,1.6569448,
1909,,,,1.6580559,
1910,,,,1.659167,
1911,,,,1.6602782,
1913,,,,1.6625005,
1914,,,,1.6636117,
1915,,,,1.6647228,
1916,,,,1.665834,
1917,,,,1.6669451,
1918,,,,1.6680562,
1919,,,,1.6691674,
1920,,,,1.6702785,
1921,,,,1.6713897,
1923,,,,1.673612,
1924,,,,1.6747231,
1925,,,,1.6758343,
1926,,,,1.6769454,
1927,,,,1.6780566,
1928,,,,1.6791677,
1929,,,,1.6802789,
1930,,,,1.68139,
1931,,,,1.6825012,
1932,,,,1.6836123,
1934,,,,1.6858346,
1935,,,,1.6869458,
1936,,,,1.688057,
1937,,,,1.6891681,
1938,,,,1.6902792,
1939,,,,1.6913904,
1940,,,,1.6925015,
1941,,,,1.6936127,
1942,,,,1.6947238,
1944,,,,1.6969461,
1945,,,,1.6980573,
1946,,,,1.6991684,
1947,,,,1.7002796,
1948,,,,1.7013907,
1949,,,,1.7025019,
1950,,,,1.703613,
1951,,,,1.7047242,
1952,,,,1.7058353,
1954,,,,1.7080576,
1955,,,,1.7091688,
1956,,,,1.71028,
1957,,,,1.7113911,
1958,,,,1.7125022,
1959,,,,1.7136134,
1960,,,,1.7147245,
1961,,,,1.7158357,
1962,,,,1.7169468,
1964,,,,1.7191691,
1965,,,,1.7202803,
1966,,,,1.7213914,
1967,,,,1.7225026,
1968,,,,1.7236137,
1969,,,,1.7247249,
1970,,,,1.725836,
1971,,,,1.7269472,
1972,,,,1.7280583,
1974,,,,1.7302806,
1975,,,,1.7313918,
1976,,,,1.7325029,
1977,,,,1.7336141,
1978,,,,1.7347252,
1979,,,,1.7358364,
1980,,,,1.7369475,
1981,,,,1.7380587,
1982,,,,1.7391698,
1984,,,,1.7413921,
1985,,,,1.7425033,
1986,,,,1.7436144,
1987,,,,1.7447256,
1988,,,,1.7458367,
1989,,,,1.7469479,
1990,,,,1.748059,
1991,,,,1.7491702,
1992,,,,1.7502813,
1993,,,,1.7513925,
1995,,,,1.7536148,
1996,,,,1.7547259,
1997,,,,1.7558371,
1998,,,,1.7569482,
1999,,,,1.7580594,
2000,,,,1.7591705,
2001,,,,1.7602817,
2002,,,,1.7613928,
2003,,,,1.762504,
2005,,,,1.7647263,
2006,,,,1.7658374,
2007,,,,1.7669486,
2008,,,,1.7680597,
2009,,,,1.7691709,
2010,,,,1.770282,
2011,,,,1.7713932,
2012,,,,1.7725043,
2013,,,,1.7736155,
2015,,,,1.7758378,
2016,,,,1.7769489,
2017,,,,1.7780601,
2018,,,,1.7791712,
2019,,,,1.7802824,
2020,,,,1.7813935,
2021,,,,1.7825047,
2022,,,,1.7836158,
2023,,,,1.784727,
2025,,,,1.7869493,
2026,,,,1.7880604,
2027,,,,1.7891716,
2028,,,,1.7902827,
2029,,,,1.7913939,
2030,,,,1.792505,
2031,,,,1.7936162,
2032,,,,1.7947273,
2033,,,,1.7958385,
2035,,,,1.7980608,
2036,,,,1.7991719,
2037,,,,1.8002831,
2038,,,,1.8013942,
2039,,,,1.8025054,
2040,,,,1.8036165,
2041,,,,1.8047277,
2042,,,,1.8058388,
2043,,,,1.80695,
2044,,,,1.8080611,
2046,,,,1.8102834,
2047,,,,1.8113946,
2048,,,,1.8125057,
2049,,,,1.8136169,
2050,,,,1.814728,
2051,,,,1.8158392,
2052,,,,1.8169503,
2053,,,,1.8180615,
2054,,,,1.8191726,
2056,,,,1.8213949,
2057,,,,1.8225061,
2058,,,,1.8236172,
2059,,,,1.8247284,
2060,,,,1.8258395,
2061,,,,1.8269507,
2062,,,,1.8280618,
2063,,,,1.829173,
2064,,,,1.8302841,
2066,,,,1.8325064,
2067,,,,1.8336176,
2068,,,,1.8347287,
2069,,,,1.8358399,
2070,,,,1.836951,
2071,,,,1.8380622,
2072,,,,1.8391733,
2073,,,,1.8402845,
2074,,,,1.8413956,
2076,,,,1.8436179,
2077,,,,1.8447291,
2078,,,,1.8458402,
2079,,,,1.8469514,
2080,,,,1.8480625,
2081,,,,1.8491737,
2082,,,,1.8502848,
2083,,,,1.851396,
2084,,,,1.8525071,
2086,,,,1.8547294,
2087,,,,1.8558406,
2088,,,,1.8569517,
2089,,,,1.8580629,
2090,,,,1.859174,
2091,,,,1.8602852,
2092,,,,1.8613963,
2093,,,,1.8625075,
2094,,,,1.8636186,
2096,,,,1.8658409,
2097,,,,1.8669521,
2098,,,,1.8680632,
2099,,,,1.8691744,
2100,,,,1.8702855,
2101,,,,1.8713967,
2102,,,,1.8725078,
2103,,,,1.873619,
2104,,,,1.8747301,
2105,,,,1.8758413,
2107,,,,1.8780636,
2108,,,,1.8791747,
2109,,,,1.8802859,
2110,,,,1.881397,
2111,,,,1.8825082,
2112,,,,1.8836193,
2113,,,,1.8847305,
2114,,,,1.8858416,
2115,,,,1.8869528,
2117,,,,1.889175,
2118,,,,1.8902862,
2119,,,,1.8913974,
2120,,,,1.8925085,
2121,,,,1.8936197,
2122,,,,1.8947308,
2123,,,,1.895842,
2124,,,,1.8969531,
2125,,,,1.8980643,
2127,,,,1.9002866,
2128,,,,1.9013977,
2129,,,,1.9025089,
2130,,,,1.90362,
2131,,,,1.9047312,
2132,,,,1.9058423,
2133,,,,1.9069535,
2134,,,,1.9080646,
2135,,,,1.9091758,
2137,,,,1.911398,
2138,,,,1.9125092,
2139,,,,1.9136204,
2140,,,,1.9147315,
2141,,,,1.9158427,
2142,,,,1.9169538,
2143,,,,1.918065,
2144,,,,1.9191761,
2145,,,,1.9202873,
2147,,,,1.9225096,
2148,,,,1.9236207,
2149,,,,1.9247319,
2150,,,,1.925843,
2151,,,,1.9269542,
2152,,,,1.9280653,
2153,,,,1.9291764,
2154,,,,1.9302876,
2155,,,,1.9313987,
2157,,,,1.933621,
2158,,,,1.9347322,
2159,,,,1.9358433,
2160,,,,1.9369545,
2161,,,,1.9380656,
2162,,,,1.9391768,
2163,,,,1.940288,
2164,,,,1.9413991,
2165,,,,1.9425102,
2166,,,,1.9436214,
2168,,,,1.9458437,
2169,,,,1.9469548,
2170,,,,1.948066,
2171,,,,1.9491771,
2172,,,,1.9502883,
2173,,,,1.9513994,
2174,,,,1.9525106,
2175,,,,1.9536217,
2176,,,,1.9547329,
2178,,,,1.9569552,
2179,,,,1.9580663,
2180,,,,1.9591775,
2181,,,,1.9602886,
2182,,,,1.9613998,
2183,,,,1.962511,
2184,,,,1.9636221,
2185,,,,1.9647332,
2186,,,,1.9658444,
2188,,,,1.9680667,
2189,,,,1.9691778,
2190,,,,1.970289,
2191,,,,1.9714001,
2192,,,,1.9725113,
2193,,,,1.9736224,
2194,,,,1.9747336,
2195,,,,1.9758447,
2196,,,,1.9769559,
2198,,,,1.9791782,
2199,,,,1.9802893,
2200,,,,1.9814005,
2201,,,,1.9825116,
2202,,,,1.9836228,
2203,,,,1.9847339,
2204,,,,1.9858451,
2205,,,,1.9869562,
2206,,,,1.9880674,
2208,,,,1.9902897,
2209,,,,1.9914008,
2210,,,,1.992512,
2211,,,,1.9936231,
2212,,,,1.9947343,
2213,,,,1.9958454,
2214,,,,1.9969566,
2215,,,,1.9980677,
2216,,,,1.9991789,
